key,n,jst,kind,pos_before,pos_after,resid,mark,ref_move_prev60m_pct,ref_move_next60m_pct
did:key:z6MkgTDg3hEz4pwiFcJCDjRvR3hZbVWwy23oGuqFbFxu7Hne,657,09-28 03:45,段差,-41.85,-41.65,-0.43,224.69,0.06,0.1
did:key:z6MkjyBG1Br9k8MFUXMmNzkYyH6h4JAe8hPv3oqWhdDT7tav,642,09-28 02:31,位置不明,,-41.68,,224.41,0.04,0.05
did:key:z6MkjyBG1Br9k8MFUXMmNzkYyH6h4JAe8hPv3oqWhdDT7tav,717,09-28 08:46,段差,-41.68,-42.2,-6.38,224.3,-0.04,0.32
did:key:z6Mku5oaoNmFdy5SfADjRo1UqrDviSFS1gPBbGf11Z5kMe8P,642,09-28 02:31,位置不明,,-41.68,,224.41,0.04,0.05
did:key:z6Mku5oaoNmFdy5SfADjRo1UqrDviSFS1gPBbGf11Z5kMe8P,753,09-28 11:46,段差,-41.68,-41.86,-0.43,223.68,-0.16,-0.06
did:key:z6MkhRbUF57iNxHy1iv9bbmECNAsE7wFh3Ri1JT8rneFRWyZ,642,09-28 02:31,位置不明,,-41.63,,224.41,0.04,0.05
did:key:z6MkhRbUF57iNxHy1iv9bbmECNAsE7wFh3Ri1JT8rneFRWyZ,717,09-28 08:46,段差,-41.63,-41.89,-6.38,224.3,-0.04,0.32
did:key:z6MkiRARsLuem5t2EMLKELJrvNWAz8gD5qcbWNhhAxppBCLJ,642,09-28 02:31,位置不明,,-41.63,,224.41,0.04,0.05
did:key:z6MkiiBSdRuYrigRhkwZfnkVeNUdFSLpfxWZWSdLMvHMxw3a,897,09-28 23:45,位置不明,,,,230.02,-0.97,-0.13
did:key:z6MkfhqU7wcLgT1QUTNYW2PMX2knkzFSK5b8ik2dSsXciuvp,713,09-28 08:26,段差,-43.04,,0.46,223.75,-0.07,0.49
did:key:z6MkfpWuFFCfe9s7N9MMvriFaepePJQ8sbnGThWL2kBXd7bi,713,09-28 08:26,段差,-43.04,,0.46,223.75,-0.07,0.49
did:key:z6MkhLstptgqBxQ2bJHY6HCbBXcN2kUbtox9n91BT1eGmbsV,713,09-28 08:26,段差,-43.04,45.1,0.46,223.75,-0.07,0.49
did:key:z6MkhnTuKBZJPXj2Set3wwgh9R3heHVywvi6g9NQK7q4wXKA,713,09-28 08:26,段差,-43.04,,0.46,223.75,-0.07,0.49
did:key:z6Mkhv256nrda1DQ2ZprjmKZaSYY2qPYT28P2E6g8Rb7jLLK,713,09-28 08:26,段差,-43.04,45.06,0.46,223.75,-0.07,0.49
did:key:z6MkiVG3u7YMNntFpgWM52LBSw9L1bfNCAYANgn3idcrKaw3,713,09-28 08:26,段差,-43.04,,0.46,223.75,-0.07,0.49
did:key:z6Mkikc69bB8vVLZvXdGtgsYjsgRJ1MkZ9yQHJgcYU86JwZD,713,09-28 08:26,段差,-43.04,,0.46,223.75,-0.07,0.49
did:key:z6MkjGddkRtDALP7TRjAB6ZEJKFcWZiqYUUShxYitUzFxSaU,713,09-28 08:26,段差,-43.04,45.06,0.46,223.75,-0.07,0.49
did:key:z6Mkjro32VJLSnnasHGF3g2on3nGNierRw6wf7myiQvvtaGw,713,09-28 08:26,段差,-43.04,,0.46,223.75,-0.07,0.49
did:key:z6MkkSciVy2Whv6k4iYwPM1mdBDAXsrWfhQnHkJnKoKNCPgP,713,09-28 08:26,段差,-43.04,,0.46,223.75,-0.07,0.49
did:key:z6MkmYw8p6iKqgFnz4125K2hpHY2g3scWhwEToGJoBk9u8tg,713,09-28 08:26,段差,-43.04,45.1,0.46,223.75,-0.07,0.49
did:key:z6MknDvzeYhuz5RTUHn11TPUP9TucG9TbequrhGzFQFtngCs,713,09-28 08:26,段差,-43.04,,0.46,223.75,-0.07,0.49
did:key:z6MknRSQYBoXvgMDFxPsDRFci54dFiiq8iH99ewkjX2L83vQ,713,09-28 08:26,段差,-43.04,,0.46,223.75,-0.07,0.49
did:key:z6MknYWj79DeEXUsfJmS6q5NpnxKGaNq4JSvaxxUtjM1DTRW,713,09-28 08:26,段差,-43.04,,0.46,223.75,-0.07,0.49
did:key:z6MknsqXBsrha3t9ZWqcLw6KQx7RPErPAwemhgKzaVDW32yW,713,09-28 08:26,段差,-43.04,45.06,0.46,223.75,-0.07,0.49
did:key:z6Mkp7ZJai2HaN4PGyMmBEfS8EzKb4N1E8GTeJRXP51cLoVv,713,09-28 08:26,段差,-43.14,,0.5,223.75,-0.07,0.49
did:key:z6MkpQgGHZZz7cB8kUjF2zS8uPj74qmYWNEW4qaTG4vc7TuK,713,09-28 08:26,段差,-43.14,,0.5,223.75,-0.07,0.49
did:key:z6MkhqdxU6yiLAG3egnKvXKr8CKbYpvfRTeQkRzgNbjCYLa4,713,09-28 08:26,段差,-43.04,,0.46,223.75,-0.07,0.49
did:key:z6MkjHAsyw3x6s6qLghue3uGNGmS4Xp618Hzbq4hwKwifWiy,713,09-28 08:26,段差,-43.04,,0.46,223.75,-0.07,0.49
did:key:z6MkpmE36ygo2WqxDwQUa9Qo4Xft5ooEXwJkWAfbX2aBSvjp,713,09-28 08:26,段差,-43.14,,0.5,223.75,-0.07,0.49
did:key:z6MkqYCCnZqgd6tp4rmdg2KN1GWgDaCNMRDWdJdvA6bFw2iY,713,09-28 08:26,段差,-43.14,,0.5,223.75,-0.07,0.49
did:key:z6MkhGbg6pc64X9XupSFRVRHbjgVdpChz1NxVXfHhrt5xmHW,738,09-28 10:31,位置不明,,,,224.15,-0.28,-0.2
did:key:z6Mkh5o6hLGgpWVnG1FCkEVpCLkz6KP5D91CKmM4hsKqwrXL,890,09-28 23:10,位置不明,,-41.46,,231.03,0.82,-0.34
did:key:z6MkjSefCj2CN335PyvfGBLhWfqYWK97EjCoNPoY5mVehbvC,756,09-28 12:01,段差,-40.66,-40.07,-0.55,222.47,-0.14,-0.13
did:key:z6MkodAbZBnULUPxtgn41ET8N6GugnBcsJPLPrRhoiN1PSus,761,09-28 12:26,段差,-41.92,-41.69,0.46,223.5,-0.18,0.09
did:key:z6MkodAbZBnULUPxtgn41ET8N6GugnBcsJPLPrRhoiN1PSus,874,09-28 21:50,段差,43.42,,49.35,228.02,0.65,1.58
did:key:z6MkodAbZBnULUPxtgn41ET8N6GugnBcsJPLPrRhoiN1PSus,879,09-28 22:15,位置不明,,,,228.27,0.56,0.44
did:key:z6MktQqz9u31KVHJFmxEjhWHvaU5fQ537HmRd9Es3mXqQwNH,876,09-28 22:00,段差,43.48,,46.33,228.66,0.77,0.97
did:key:z6MktQqz9u31KVHJFmxEjhWHvaU5fQ537HmRd9Es3mXqQwNH,881,09-28 22:25,位置不明,,,,229.16,0.22,0.75
did:key:z6MkwNgTaJRxDcn3rSpm8A44XdAFdecNT53HDRn4SxqtW8jC,761,09-28 12:26,段差,-41.95,-41.71,0.46,223.5,-0.18,0.09
did:key:z6MkwbYvzwcqWcyQKMSuuhKrgWRDu1p4oXtAsJzY9dFQHvQJ,761,09-28 12:26,段差,-41.95,-41.71,0.46,223.5,-0.18,0.09
did:key:z6Mkq2bWmKcTho1WXkjE51vnE7T7KmN1nHr2kK9qFvcadVWs,874,09-28 21:50,段差,43.37,,49.3,228.02,0.65,1.58
did:key:z6Mkq2bWmKcTho1WXkjE51vnE7T7KmN1nHr2kK9qFvcadVWs,879,09-28 22:15,位置不明,,,,228.27,0.56,0.44
did:key:z6MkhdtDm1fqQmWBSdhB8p27pqsXw1j7AVXx3w3eJw3MjcPR,890,09-28 23:10,位置不明,,,,231.03,0.82,-0.34
did:key:z6MkhdtDm1fqQmWBSdhB8p27pqsXw1j7AVXx3w3eJw3MjcPR,896,09-28 23:40,位置不明,,,,230.91,-0.68,-0.24
did:key:z6MkhdtDm1fqQmWBSdhB8p27pqsXw1j7AVXx3w3eJw3MjcPR,903,09-29 00:15,位置不明,,,,230.58,-0.13,0.02
did:key:z6MkpnekNnRNtyCmetsunNJ24RcBJZK6beR8nNgH3x5oA1xW,879,09-28 22:15,位置不明,,,,228.27,0.56,0.44
did:key:z6Mkng4whyJMarYG5D9WN5tSY2wFuh1G4eh3M1sD3tsqGvQH,890,09-28 23:10,位置不明,,-43.69,,231.03,0.82,-0.34
did:key:z6Mkng4whyJMarYG5D9WN5tSY2wFuh1G4eh3M1sD3tsqGvQH,906,09-29 00:30,段差,-43.69,-43.83,-0.45,231.32,-0.48,0.76
did:key:z6MksjDT99eGthLM8ij3QGcwyu7cve4e6gTmijyHmctmRT2V,890,09-28 23:10,位置不明,,-32.18,,231.03,0.82,-0.34
did:key:z6MkvLF7tDopeKBkRPJnroxLbci5yFThhb8W4o9fuTQybxz7,2123,10-03 05:55,位置不明,,-44.62,,233.74,-0.16,-0.01
did:key:z6Mkp2XPmTsoSeKJ5TfDp5UCwLT69y4AkJvrPo6sVQU7ez8P,879,09-28 22:15,位置不明,,,,228.27,0.56,0.44
did:key:z6MkmMq54rV8311UCyqw71wHDKzqCkfxG5gfgohkjRZ2ept3,880,09-28 22:20,位置不明,,,,229.5,0.29,0.77
did:key:z6MkjgMn3X3sUfVTMjEoWt975VMnUpJnm73nCp4GzpnEhpSa,901,09-29 00:05,段差,-41.24,43.67,-56.92,228.04,-0.88,0.33
did:key:z6MkjYJbZdkeKa3Mdq7eAckG2wpQah1qQdUpcVEsopxfTXuC,890,09-28 23:10,位置不明,,-41.3,,231.03,0.82,-0.34
did:key:z6MkjYJbZdkeKa3Mdq7eAckG2wpQah1qQdUpcVEsopxfTXuC,902,09-29 00:10,段差,-41.3,43.46,-101.97,228.0,-0.34,-0.1
did:key:z6MkjYJbZdkeKa3Mdq7eAckG2wpQah1qQdUpcVEsopxfTXuC,907,09-29 00:35,位置不明,,43.46,,229.99,-0.64,0.55
did:key:z6Mkfsu6VW7Qx4NjYgsAUzjWZ7a6CoCaFn75X4z3vw4SeUdu,897,09-28 23:45,段差,-41.29,43.69,-1.34,230.02,-0.97,-0.13
did:key:z6Mkfsu6VW7Qx4NjYgsAUzjWZ7a6CoCaFn75X4z3vw4SeUdu,922,09-29 01:50,段差,43.69,,0.51,231.06,0.66,-0.44
did:key:z6Mkh5aUD8qexPTEgPox7K9x8Anxosd1fW5tUrtipahjuTvS,900,09-29 00:00,段差,-41.33,43.84,-49.13,228.07,-1.16,0.4
did:key:z6Mkh5aUD8qexPTEgPox7K9x8Anxosd1fW5tUrtipahjuTvS,922,09-29 01:50,段差,43.84,,0.51,231.06,0.66,-0.44
did:key:z6MkfvKLFgGfiq7Q3UhDCNK8iJjiYDu7syob2jAy1UmuTHne,898,09-28 23:50,段差,-41.33,43.9,-24.9,228.36,-1.64,0.28
did:key:z6MkfvKLFgGfiq7Q3UhDCNK8iJjiYDu7syob2jAy1UmuTHne,922,09-29 01:50,段差,43.9,,0.5,231.06,0.66,-0.44
did:key:z6MkfrAG9GSBXBvGeKwZk85fR6DXG9gtkqKVyPh41ipawD4S,2041,10-02 23:07,段差,46.84,46.93,0.57,238.04,0.61,-0.68
did:key:z6Mks3JrbKNF9eUU1McEKPBWqtZtFnuMV2Bk4RbWnf8sn7Yp,1643,10-01 13:56,段差,46.94,-45.67,-52.91,231.53,0.24,0.29
did:key:z6Mks3JrbKNF9eUU1McEKPBWqtZtFnuMV2Bk4RbWnf8sn7Yp,1749,10-01 22:47,段差,-45.67,-45.79,-0.7,230.46,0.36,-0.31
did:key:z6MksNKShFHH5HFYzuCciBAyzGpEgS23pcDhKK2yTRYUUaoE,1093,09-29 16:06,位置不明,,46.01,,230.5,0.39,0.31
did:key:z6MksNKShFHH5HFYzuCciBAyzGpEgS23pcDhKK2yTRYUUaoE,1307,09-30 09:56,段差,-44.77,-44.84,0.59,225.65,-0.04,0.01
did:key:z6MksNKShFHH5HFYzuCciBAyzGpEgS23pcDhKK2yTRYUUaoE,1643,10-01 13:56,段差,47.17,-45.86,-53.06,231.53,0.24,0.29
did:key:z6MksNKShFHH5HFYzuCciBAyzGpEgS23pcDhKK2yTRYUUaoE,1749,10-01 22:47,段差,-45.86,-45.89,-0.57,230.46,0.36,-0.31
did:key:z6Mks3EfUiMwfJpaKm6pMoB3a1dM6tMMzHMHYMudXHELK9gH,1981,10-02 18:07,段差,47.06,-45.46,-107.81,234.25,0.27,0.27
did:key:z6Mks3EfUiMwfJpaKm6pMoB3a1dM6tMMzHMHYMudXHELK9gH,1998,10-02 19:32,段差,-45.46,-45.63,0.61,233.38,0.01,0.44
did:key:z6MksL83JyG9HLj3HYLaYLRuPk5fNchRb6sssDeFTmsVxHgk,1093,09-29 16:06,位置不明,,46.0,,230.5,0.39,0.31
did:key:z6MksLWRr8Uc3PkSssSWvoa6U9mzkkLDu67oPj3a69YjPe1W,1093,09-29 16:06,位置不明,,46.0,,230.5,0.39,0.31
did:key:z6MksLWRr8Uc3PkSssSWvoa6U9mzkkLDu67oPj3a69YjPe1W,1307,09-30 09:56,段差,-44.77,-44.84,0.59,225.65,-0.04,0.01
did:key:z6MksLWRr8Uc3PkSssSWvoa6U9mzkkLDu67oPj3a69YjPe1W,1553,10-01 06:26,段差,-44.77,-44.87,0.5,225.66,0.02,0.18
did:key:z6MksLc8G3py8cb1pxhEmLYiAbZnikyLxEikAS8oxMdH4R2V,1093,09-29 16:06,位置不明,,46.0,,230.5,0.39,0.31
did:key:z6MksLc8G3py8cb1pxhEmLYiAbZnikyLxEikAS8oxMdH4R2V,1307,09-30 09:56,段差,-44.77,-44.84,0.59,225.65,-0.04,0.01
did:key:z6MksLc8G3py8cb1pxhEmLYiAbZnikyLxEikAS8oxMdH4R2V,1553,10-01 06:26,段差,-44.77,-44.87,0.5,225.66,0.02,0.18
did:key:z6MksLnMAwSkJ5EkiTKJsYGpvM6zXUYtFXmmgCo2NeVNbVnU,1093,09-29 16:06,位置不明,,46.0,,230.5,0.39,0.31
did:key:z6MksLnMAwSkJ5EkiTKJsYGpvM6zXUYtFXmmgCo2NeVNbVnU,1307,09-30 09:56,段差,-44.77,-44.84,0.59,225.65,-0.04,0.01
did:key:z6MksLnMAwSkJ5EkiTKJsYGpvM6zXUYtFXmmgCo2NeVNbVnU,1553,10-01 06:26,段差,-44.77,-44.87,0.5,225.66,0.02,0.18
did:key:z6MksM6RUoQb8TPeSnGiumiGsvqWzMSaTq6BYEpUszcWnfre,1093,09-29 16:06,位置不明,,46.0,,230.5,0.39,0.31
did:key:z6MksM6RUoQb8TPeSnGiumiGsvqWzMSaTq6BYEpUszcWnfre,1307,09-30 09:56,段差,-44.77,-44.84,0.59,225.65,-0.04,0.01
did:key:z6MksM6RUoQb8TPeSnGiumiGsvqWzMSaTq6BYEpUszcWnfre,1553,10-01 06:26,段差,-44.77,-44.87,0.5,225.66,0.02,0.18
did:key:z6MksMRmpvBM3gLjZzrpXZuZVoi3Sg6mUZpbc4sgSLnLNjUX,1093,09-29 16:06,位置不明,,46.0,,230.5,0.39,0.31
did:key:z6MksMRmpvBM3gLjZzrpXZuZVoi3Sg6mUZpbc4sgSLnLNjUX,1307,09-30 09:56,段差,-44.77,-44.84,0.59,225.65,-0.04,0.01
did:key:z6MksN9eVkstgp9Six7PXvATX7SyiAhEHDHuePqVYgmbiAbK,1093,09-29 16:06,位置不明,,46.0,,230.5,0.39,0.31
did:key:z6MksN9eVkstgp9Six7PXvATX7SyiAhEHDHuePqVYgmbiAbK,1307,09-30 09:56,段差,-44.77,-44.84,0.59,225.65,-0.04,0.01
did:key:z6MksN9eVkstgp9Six7PXvATX7SyiAhEHDHuePqVYgmbiAbK,1981,10-02 18:07,段差,47.17,-45.55,-108.07,234.25,0.27,0.27
did:key:z6MksN9eVkstgp9Six7PXvATX7SyiAhEHDHuePqVYgmbiAbK,1998,10-02 19:32,段差,-45.55,-45.97,0.62,233.38,0.01,0.44
did:key:z6MksNANLiVTsqjC3BJ95Q8UY1SqLpGc6xPN8d9mPfTMQSDf,1093,09-29 16:06,位置不明,,46.0,,230.5,0.39,0.31
did:key:z6MksNANLiVTsqjC3BJ95Q8UY1SqLpGc6xPN8d9mPfTMQSDf,1307,09-30 09:56,段差,-44.77,-44.84,0.59,225.65,-0.04,0.01
did:key:z6MksNANLiVTsqjC3BJ95Q8UY1SqLpGc6xPN8d9mPfTMQSDf,1643,10-01 13:56,段差,47.17,-45.86,-53.06,231.53,0.24,0.29
did:key:z6MksNANLiVTsqjC3BJ95Q8UY1SqLpGc6xPN8d9mPfTMQSDf,1749,10-01 22:47,段差,-45.87,-45.89,-0.56,230.46,0.36,-0.31
did:key:z6MksNM2Hjqkzu6tgQxxog6uuhm2tRpAYkpbkGjT7Qg7s8xi,1093,09-29 16:06,位置不明,,46.0,,230.5,0.39,0.31
did:key:z6MksNM2Hjqkzu6tgQxxog6uuhm2tRpAYkpbkGjT7Qg7s8xi,1240,09-30 04:21,段差,-44.6,-44.91,0.6,226.01,0.07,-0.23
did:key:z6MksNM2Hjqkzu6tgQxxog6uuhm2tRpAYkpbkGjT7Qg7s8xi,1323,09-30 11:16,段差,-44.91,-44.88,-0.53,225.8,-0.15,0.02
did:key:z6MksNM2Hjqkzu6tgQxxog6uuhm2tRpAYkpbkGjT7Qg7s8xi,1460,09-30 22:41,段差,-44.88,46.32,107.88,232.09,1.02,-0.06
did:key:z6MksPKMgp8PMQsUktYs2EKQhMG8Wsqt5tsZB6iVEVDRVcQo,1093,09-29 16:06,位置不明,,46.0,,230.5,0.39,0.31
did:key:z6MksQCRUshPKbpkDC1g39KrPrBUCXrD5MY4sihwDmrMGrq1,1093,09-29 16:06,位置不明,,46.0,,230.5,0.39,0.31
did:key:z6MksQCRUshPKbpkDC1g39KrPrBUCXrD5MY4sihwDmrMGrq1,1643,10-01 13:56,段差,46.96,-45.87,-53.0,231.53,0.24,0.29
did:key:z6MksQCRUshPKbpkDC1g39KrPrBUCXrD5MY4sihwDmrMGrq1,1749,10-01 22:47,段差,-45.87,-45.91,-0.58,230.46,0.36,-0.31
did:key:z6MksGUgmBqiQ26HRLGFj32cXUmDEaeQsXiGdQskr3fWtgiU,1093,09-29 16:06,位置不明,,46.0,,230.5,0.39,0.31
did:key:z6MksGUgmBqiQ26HRLGFj32cXUmDEaeQsXiGdQskr3fWtgiU,1982,10-02 18:12,段差,47.0,-46.27,-103.85,234.19,0.15,0.22
did:key:z6MksGUgmBqiQ26HRLGFj32cXUmDEaeQsXiGdQskr3fWtgiU,2124,10-03 06:00,段差,-46.27,-45.5,-0.49,233.55,-0.03,-0.02
did:key:z6MksJWyn2BCGX9XPnn8My4yjSeMzDcJUMpqmX2rw5iDof1n,1093,09-29 16:06,位置不明,,46.0,,230.5,0.39,0.31
did:key:z6MksNceUxs4jo7oWzGY8hyR9uLUAHYCuKvaKbWMD6GpMUco,1093,09-29 16:06,位置不明,,46.0,,230.5,0.39,0.31
did:key:z6MksNkEaZ6Ybso8RRmtQSqgrCaEP2qwDtKypsEkPQjJpvMv,1093,09-29 16:06,位置不明,,46.0,,230.5,0.39,0.31
did:key:z6MksTEGCUCfsQncGLne6wFhf4hto4ZuJozbJ9PL4rSuHC3n,1093,09-29 16:06,位置不明,,46.0,,230.5,0.39,0.31
did:key:z6MksTEGCUCfsQncGLne6wFhf4hto4ZuJozbJ9PL4rSuHC3n,1460,09-30 22:41,段差,47.11,-46.01,-110.09,232.09,1.02,-0.06
did:key:z6MksTEGCUCfsQncGLne6wFhf4hto4ZuJozbJ9PL4rSuHC3n,1537,10-01 05:06,段差,-46.01,48.18,-141.95,226.88,-0.98,0.32
did:key:z6MksTEGCUCfsQncGLne6wFhf4hto4ZuJozbJ9PL4rSuHC3n,1643,10-01 13:56,段差,48.18,-46.83,-54.19,231.53,0.24,0.29
did:key:z6MksTEGCUCfsQncGLne6wFhf4hto4ZuJozbJ9PL4rSuHC3n,1749,10-01 22:47,段差,-46.83,-46.87,-0.6,230.46,0.36,-0.31
did:key:z6MksTEGCUCfsQncGLne6wFhf4hto4ZuJozbJ9PL4rSuHC3n,1981,10-02 18:07,段差,-46.87,47.28,109.34,234.25,0.27,0.27
did:key:z6MksTEGCUCfsQncGLne6wFhf4hto4ZuJozbJ9PL4rSuHC3n,2121,10-03 05:45,段差,47.28,-46.38,16.86,233.79,-0.18,-0.0
did:key:z6MksG9LfT7s8ym2LbjFMXAbZzFNN93vbe71CvycvWReiWim,1971,10-02 17:17,段差,46.56,47.02,0.63,233.91,0.25,0.22
did:key:z6MksG9LfT7s8ym2LbjFMXAbZzFNN93vbe71CvycvWReiWim,2026,10-02 21:52,段差,47.02,46.84,0.49,236.37,0.61,0.3
did:key:z6MksG9LfT7s8ym2LbjFMXAbZzFNN93vbe71CvycvWReiWim,2126,10-03 06:10,段差,46.5,46.68,0.55,234.21,0.06,-0.06
did:key:z6MksGohz4tNxP8HmM1LCvFuLKKuVRj1pBKatGdXjhvodEbo,1789,10-02 02:07,段差,-46.07,,-0.58,229.76,0.35,-0.02
did:key:z6MksQDNifiEnb6iJyRr7GXCVGdYYQeeJ38r4m3TofTJfqN2,1643,10-01 13:56,段差,46.95,-45.87,-53.01,231.53,0.24,0.29
did:key:z6MksQDNifiEnb6iJyRr7GXCVGdYYQeeJ38r4m3TofTJfqN2,1749,10-01 22:47,段差,-45.87,-45.9,-0.57,230.46,0.36,-0.31
did:key:z6MksSQPE6ZaeVRqtzBDLQYi78PqFLBiXk2AZ78hXBwYhW2Y,1460,09-30 22:41,段差,47.11,-46.01,-110.09,232.09,1.02,-0.06
did:key:z6MksSQPE6ZaeVRqtzBDLQYi78PqFLBiXk2AZ78hXBwYhW2Y,1749,10-01 22:47,段差,-45.88,-45.91,-0.56,230.46,0.36,-0.31
did:key:z6MksSsc4ny8HFWD6Jh2PpKdLGZngUsica7bdnbP5xvAsj4m,1460,09-30 22:41,段差,47.11,-46.01,-110.09,232.09,1.02,-0.06
did:key:z6MksSsc4ny8HFWD6Jh2PpKdLGZngUsica7bdnbP5xvAsj4m,1537,10-01 05:06,段差,-46.01,48.18,-141.95,226.88,-0.98,0.32
did:key:z6MksT96nB2cMDpKbqTqdtRXoL1NnMiP3CFT2pgyKcbR5bn2,1460,09-30 22:41,段差,47.11,-46.01,-110.09,232.09,1.02,-0.06
did:key:z6MksT96nB2cMDpKbqTqdtRXoL1NnMiP3CFT2pgyKcbR5bn2,1537,10-01 05:06,段差,-46.01,48.18,-141.95,226.88,-0.98,0.32
did:key:z6MksT96nB2cMDpKbqTqdtRXoL1NnMiP3CFT2pgyKcbR5bn2,1981,10-02 18:07,段差,48.18,-46.93,-110.38,234.25,0.27,0.27
did:key:z6MksTC6PvCGrdLBq7DVBCv2FVZfjDec2B3HN5EJwWP3RCBD,1460,09-30 22:41,段差,47.16,-45.9,-110.05,232.09,1.02,-0.06
did:key:z6MksTC6PvCGrdLBq7DVBCv2FVZfjDec2B3HN5EJwWP3RCBD,1537,10-01 05:06,段差,-45.9,48.06,-141.61,226.88,-0.98,0.32
did:key:z6MksTC6PvCGrdLBq7DVBCv2FVZfjDec2B3HN5EJwWP3RCBD,1643,10-01 13:56,段差,48.06,-46.73,-54.06,231.53,0.24,0.29
did:key:z6MksTC6PvCGrdLBq7DVBCv2FVZfjDec2B3HN5EJwWP3RCBD,1749,10-01 22:47,段差,-46.73,-46.77,-0.58,230.46,0.36,-0.31
did:key:z6MksNt4p1kqypPJDaxwPvtK83KQMtCD1oT2qXTmmnd2JbWL,1421,09-30 19:26,段差,-44.38,-44.58,0.46,226.54,-0.17,-0.1
did:key:z6MksP6RYuSb6ZMp8TPDk88TdNmJR4ggh94zzFbkoXcshKMH,1421,09-30 19:26,段差,-44.38,-44.58,0.46,226.54,-0.17,-0.1
did:key:z6MksPB3v9epWd6ZhtHJMb5TxQso4Ch5kYBbcWPdoAwTvMuG,1261,09-30 06:06,段差,-44.93,-44.38,0.71,228.1,0.15,0.16
did:key:z6MksPB3v9epWd6ZhtHJMb5TxQso4Ch5kYBbcWPdoAwTvMuG,1421,09-30 19:26,段差,-44.38,-44.58,0.46,226.54,-0.17,-0.1
did:key:z6MksPCE7CkejJ8LpzSqXCcem85WFFqkMJVhTkQhuTEn8vS4,1261,09-30 06:06,段差,-44.93,-44.38,0.71,228.1,0.15,0.16
did:key:z6MksPCE7CkejJ8LpzSqXCcem85WFFqkMJVhTkQhuTEn8vS4,1421,09-30 19:26,段差,-44.38,-44.58,0.46,226.54,-0.17,-0.1
did:key:z6MksQBTMxDSDddGBRptahQ7spZp45W4AGj5v4shNWxNbyr5,1981,10-02 18:07,段差,46.82,-46.06,-107.58,234.25,0.27,0.27
did:key:z6MksSFwSXNVuAm8ebBiLkh5GWxns27cDRKwG3iTbsQQZuP2,1460,09-30 22:41,段差,46.98,-45.84,-109.73,232.09,1.02,-0.06
did:key:z6MksSVWejuGNK6q2KDdB1f5UeLWbNzQ1A8eBg7kt3VKbdyr,1460,09-30 22:41,段差,46.98,-45.84,-109.73,232.09,1.02,-0.06
did:key:z6MksSgFNkwhKCf1e2asQzpkszVerqWjJbgvQe8cXFPkvbvk,1460,09-30 22:41,段差,46.98,-45.84,-109.73,232.09,1.02,-0.06
did:key:z6MksSgFNkwhKCf1e2asQzpkszVerqWjJbgvQe8cXFPkvbvk,1982,10-02 18:12,段差,46.97,-45.53,-103.79,234.19,0.15,0.22
did:key:z6MkqoaQBSiX1Qk6wAZWJrFVT6HQVKQP92eZDowd1scFrTzy,1507,10-01 02:36,段差,-44.67,47.13,0.46,229.03,-0.06,0.17
did:key:z6MkqoaQBSiX1Qk6wAZWJrFVT6HQVKQP92eZDowd1scFrTzy,1643,10-01 13:56,段差,47.13,-45.82,-53.01,231.53,0.24,0.29
did:key:z6MkqoaQBSiX1Qk6wAZWJrFVT6HQVKQP92eZDowd1scFrTzy,1749,10-01 22:47,段差,-45.75,-45.86,-0.68,230.46,0.36,-0.31
did:key:z6MkqobqcYu5gB7NvybcmBA8Bo2H4aj31pBcHWEjLcKbMg88,1643,10-01 13:56,段差,47.13,-45.82,-53.01,231.53,0.24,0.29
did:key:z6MkqobqcYu5gB7NvybcmBA8Bo2H4aj31pBcHWEjLcKbMg88,1749,10-01 22:47,段差,-45.75,-45.86,-0.68,230.46,0.36,-0.31
did:key:z6MkqobqcYu5gB7NvybcmBA8Bo2H4aj31pBcHWEjLcKbMg88,2041,10-02 23:07,段差,46.19,46.28,0.57,238.04,0.61,-0.68
did:key:z6MkqoWpu9rApgdNcfxLaGAmzRQnpcf2gSWjT6o4ysLTq5gE,1981,10-02 18:07,段差,47.12,-45.51,-107.95,234.25,0.27,0.27
did:key:z6MkqoWpu9rApgdNcfxLaGAmzRQnpcf2gSWjT6o4ysLTq5gE,1998,10-02 19:32,段差,-45.51,-45.93,0.62,233.38,0.01,0.44
did:key:z6MkuWkvsVaGxDSd4aK1fDATfN5xioKaHyErsDHSHv7bwEcF,1789,10-02 02:07,段差,-46.08,,-0.59,229.76,0.35,-0.02
did:key:z6Mkre3Ven15djTHA2tT1bxP998Ddm6ECqgDTqEAsWNCrnFB,1982,10-02 18:12,段差,46.96,,-103.49,234.19,0.15,0.22
did:key:z6MkreePfDMAhBE94B7ZVZdt1fWJm7eyDdBUrTbfZZE9vyTd,1749,10-01 22:47,段差,-45.59,-45.69,-0.48,230.46,0.36,-0.31
did:key:z6MkrdcD9j1T78yGcfQcCNXEw7KcMHgqnu3WTbSCAU4XNtcA,2017,10-02 21:07,段差,46.94,46.68,-0.49,235.6,0.48,0.53
did:key:z6MkwekbumrfekbFzCWtfZoSeXym4w1WPTEDzEvh8qCVmNWC,1997,10-02 19:27,段差,46.86,46.75,0.49,233.99,-0.0,0.65
did:key:z6MkwekbumrfekbFzCWtfZoSeXym4w1WPTEDzEvh8qCVmNWC,2026,10-02 21:52,段差,46.75,46.54,0.49,236.37,0.61,0.3
did:key:z6MkwekbumrfekbFzCWtfZoSeXym4w1WPTEDzEvh8qCVmNWC,2041,10-02 23:07,段差,46.54,46.59,0.48,238.04,0.61,-0.68
did:key:z6Mkp8bjNkaFXWN7izdEzwrHa63GY7e6LReNKA2r7ob9p8Uw,1997,10-02 19:27,段差,46.88,46.77,0.49,233.99,-0.0,0.65
did:key:z6Mkp8bjNkaFXWN7izdEzwrHa63GY7e6LReNKA2r7ob9p8Uw,2026,10-02 21:52,段差,46.77,46.56,0.49,236.37,0.61,0.3
did:key:z6MkgkQMBnQny28sKKz7kXA24dJWPnbQrJEo6f8zENxAwqoE,1784,10-02 01:42,段差,47.26,-45.62,10.18,230.63,0.28,0.13
did:key:z6MkgkQMBnQny28sKKz7kXA24dJWPnbQrJEo6f8zENxAwqoE,1810,10-02 03:52,段差,-45.62,-45.8,0.88,229.07,0.4,-0.18
did:key:z6MkimEy9Fu1kESY894JUbcWrupp9ZgaJ2WEr4BoEhPemaFk,2017,10-02 21:07,段差,46.72,46.47,-0.48,235.6,0.48,0.53
did:key:z6MkimMKmJ7LC7D5PQijJmDCdroyLqFCNmUCVE93Gv2jt8Pb,2017,10-02 21:07,段差,46.72,-45.34,-0.48,235.6,0.48,0.53
did:key:z6MkuWHCH1EeNqjTFmpnMgwpXApQqzcoMjLBSPoUxDMMDkRR,1998,10-02 19:32,段差,45.97,46.39,-0.63,233.38,0.01,0.44
did:key:z6MkpCJ1qGnEPpCNonhpYx7wGSN2ddHNhoxpHBK4PJLBc3Ks,2038,10-02 22:52,段差,45.43,,-24.53,237.34,0.3,0.22
did:key:z6MkpCJ1qGnEPpCNonhpYx7wGSN2ddHNhoxpHBK4PJLBc3Ks,2044,10-02 23:22,位置不明,,,,236.56,0.67,-0.92
did:key:z6MkpCJ1qGnEPpCNonhpYx7wGSN2ddHNhoxpHBK4PJLBc3Ks,2048,10-02 23:42,位置不明,,,,237.03,0.28,-0.75
did:key:z6Mkv165fYSGea9fSh5TnTbEwB8DchPzuvq531VPGJGX1fy4,2038,10-02 22:52,段差,45.42,41.77,-24.52,237.34,0.3,0.22
did:key:z6Mkv165fYSGea9fSh5TnTbEwB8DchPzuvq531VPGJGX1fy4,2046,10-02 23:32,位置不明,,41.77,,238.41,0.53,-1.08
did:key:z6MkimH78G5jbHFxe6UALDfFLWLNCjgSrzr97sHJgKt7CqtX,2109,10-03 04:45,段差,-44.44,-43.96,-0.5,233.86,-0.06,-0.18
did:key:z6MkmC38jBtvyvajAMmYX3ZnxVcsKEHHT8HezN3AaxCMpLjz,2104,10-03 04:20,段差,-44.09,-44.5,-18.19,233.69,-0.28,0.04
did:key:z6MkmC38jBtvyvajAMmYX3ZnxVcsKEHHT8HezN3AaxCMpLjz,2126,10-03 06:10,位置不明,,-44.5,,234.21,0.06,-0.06
did:key:z6Mkk1oQxNvYyH3NBj3FoafSHreSX22AeExoHK4hLQPHocfW,2124,10-03 06:00,段差,-45.35,-44.58,-0.48,233.55,-0.03,-0.02
