key,final_rank,final_score,first_seen,sweeps_in_top,segments,events,flips,jump_sum,pass,fail,unknown,exact_cmp,exact_agree
did:key:z6MksSsc4ny8HFWD6Jh2PpKdLGZngUsica7bdnbP5xvAsj4m,1,1543.98,09-29 18:21,895,18,2,2,-252.04,849,2,0,723,723
did:key:z6MksT96nB2cMDpKbqTqdtRXoL1NnMiP3CFT2pgyKcbR5bn2,2,1456.82,09-29 18:21,894,20,3,3,-362.42,845,3,0,719,719
did:key:z6MksTEGCUCfsQncGLne6wFhf4hto4ZuJozbJ9PL4rSuHC3n,3,1337.3,09-29 05:02,985,28,7,5,-180.63,921,6,10,337,337
did:key:z6MkimMKmJ7LC7D5PQijJmDCdroyLqFCNmUCVE93Gv2jt8Pb,4,1320.51,10-02 17:12,181,6,1,1,-0.48,160,1,0,0,0
did:key:z6MksPKMgp8PMQsUktYs2EKQhMG8Wsqt5tsZB6iVEVDRVcQo,5,1305.33,09-29 05:02,897,33,1,0,0,822,0,10,646,646
did:key:z6MksMRmpvBM3gLjZzrpXZuZVoi3Sg6mUZpbc4sgSLnLNjUX,6,1301.94,09-29 05:02,973,28,2,0,0.59,901,1,10,507,507
did:key:z6Mkw8HuAX84pVtptarfWgGB1XtGiBkXSPoCgAMoXWsjCCC9,7,1298.0,10-02 23:03,117,2,0,0,0,112,0,0,0,0
did:key:z6Mkqo9aN6PaJbbM2rc9vdMy4URzH7acQV3Kwaycq7qo7Up6,8,1262.99,10-01 09:51,452,9,0,0,0,432,0,0,397,397
did:key:z6MksSVWejuGNK6q2KDdB1f5UeLWbNzQ1A8eBg7kt3VKbdyr,9,1256.78,09-30 04:06,644,25,1,1,-109.73,542,1,0,204,204
did:key:z6MksG9LfT7s8ym2LbjFMXAbZzFNN93vbe71CvycvWReiWim,10,1233.29,09-29 17:21,357,28,3,0,1.67,277,3,0,0,0
did:key:z6Mks2yiSD3KrYUje6FyrYUJnFGwBvvTss366o7ZD6ZVBREF,11,1231.81,10-01 13:52,243,11,0,0,0,212,0,0,42,42
did:key:z6MksTC6PvCGrdLBq7DVBCv2FVZfjDec2B3HN5EJwWP3RCBD,12,1226.61,09-29 18:36,837,24,4,3,-306.3,766,4,0,105,105
did:key:z6MksN9eVkstgp9Six7PXvATX7SyiAhEHDHuePqVYgmbiAbK,13,1216.6,09-29 05:02,919,34,4,1,-106.86,833,3,10,311,311
did:key:z6MkwepVsT85tx3DmVAGTqHaQkxRD9wLsQuv4uDP8TrmkQvE,14,1207.67,10-03 00:13,106,3,0,0,0,102,0,0,0,0
did:key:z6MkqoWpu9rApgdNcfxLaGAmzRQnpcf2gSWjT6o4ysLTq5gE,15,1205.3,10-01 05:01,438,14,2,1,-107.33,413,2,0,246,246
did:key:z6Mkwf2KTVcAFnpMusB7RcYLri8ZfCiwyYM7CkhWX1CaHiSv,16,1200.45,10-02 17:32,139,7,0,0,0,116,0,0,0,0
did:key:z6Mkei8LVrYh4McECgrGS3XuJ8vGkPtFeibDPAXYCbgdceep,17,1196.25,10-03 00:13,103,5,0,0,0,84,0,0,0,0
did:key:z6MkvLF7tDopeKBkRPJnroxLbci5yFThhb8W4o9fuTQybxz7,18,1191.19,09-28 21:50,88,6,1,0,0,60,0,4,0,0
did:key:z6Mks3EfUiMwfJpaKm6pMoB3a1dM6tMMzHMHYMudXHELK9gH,19,1190.55,09-29 02:15,492,26,2,1,-107.2,413,2,0,229,229
did:key:z6MkimH78G5jbHFxe6UALDfFLWLNCjgSrzr97sHJgKt7CqtX,20,1184.01,10-03 00:18,98,6,1,0,-0.5,73,1,0,0,0
did:key:z6MkmC38jBtvyvajAMmYX3ZnxVcsKEHHT8HezN3AaxCMpLjz,21,1181.22,10-03 00:23,88,9,2,0,-18.19,52,1,6,0,0
did:key:z6MkrdcD9j1T78yGcfQcCNXEw7KcMHgqnu3WTbSCAU4XNtcA,22,1180.32,10-01 14:37,153,10,1,0,-0.49,107,1,0,0,0
did:key:z6MksQBTMxDSDddGBRptahQ7spZp45W4AGj5v4shNWxNbyr5,23,1176.36,09-30 04:01,530,31,1,1,-107.58,431,1,0,71,71
did:key:z6Mkk1oQxNvYyH3NBj3FoafSHreSX22AeExoHK4hLQPHocfW,24,1174.51,10-03 00:33,75,12,1,0,-0.48,40,1,0,0,0
did:key:z6MksGUgmBqiQ26HRLGFj32cXUmDEaeQsXiGdQskr3fWtgiU,25,1174.2,09-29 05:02,464,36,3,1,-104.34,348,2,10,193,193
did:key:z6MkeU5vNqNxwtmAsf8ZyeLGG5KyUSbT94cTXomQpQXZp9Ta,,,09-25 21:10,10,1,0,0,0,9,0,0,0,0
did:key:z6MkeVqFBdRYp4zfQW4zFhNjn8Tv4BZAk7hBAJaRBNVAyhZX,,,09-25 21:10,3,1,0,0,0,0,0,0,0,0
did:key:z6MkebRTv47uQQkTZZqZiQGuDh1BGBgBCn22pRsg5gQo5ESs,,,09-25 21:10,3,1,0,0,0,0,0,0,0,0
did:key:z6MkecU3sA4EuD8TFDHrFU8Y2NxAxpPVuRvc1ZUUk7ycA5QM,,,09-25 21:10,3,1,0,0,0,0,0,0,0,0
did:key:z6MkecVU3r8YxfrmsUL8N1uR2c7GhRciTuSWfLtmUETTVGnr,,,09-25 21:10,3,1,0,0,0,0,0,0,0,0
did:key:z6MkeguBQ9qnBCAmpA6x9jMSUUXanNLYFmaxJRuh2P4Y6u84,,,09-25 21:10,2,1,0,0,0,0,0,0,0,0
did:key:z6Mkeh62eJdw2D5wKaaT767zpg2MDUfbmojidjHeavpNqP5j,,,09-25 21:10,2,1,0,0,0,0,0,0,0,0
did:key:z6Mkehdi84Sn9jTMDQhaRkUmr4MyFNSCeaRrFqxwNWWWSPfD,,,09-25 21:10,2,1,0,0,0,0,0,0,0,0
did:key:z6MkeqosBi3d3Pv54rnWw2uteazTdoRgZXxJAv6Xr35wUreQ,,,09-25 21:10,2,1,0,0,0,0,0,0,0,0
did:key:z6Mkf4dveGj6YrXL3nGR1BU52EJf8xir34sLk6J8A3Y4nX1W,,,09-25 21:10,2,1,0,0,0,0,0,0,0,0
did:key:z6Mkf5UEYpNzyj3w8UzSPes5E5fuy1f8Re47pMvWyZXSn1fj,,,09-25 21:10,2,1,0,0,0,0,0,0,0,0
did:key:z6Mkf9TLajvTncArV5tFGgVNVTP7TmUE2R5yWCTPZy6i5ArU,,,09-25 21:10,2,1,0,0,0,0,0,0,0,0
did:key:z6MkfDnhSG6x2wWXuU7tMpwHcgzCLUfhGGNrxeofLoamiJc8,,,09-25 21:10,2,1,0,0,0,0,0,0,0,0
did:key:z6MkfGRgcSgV26bXkaSBjwHXrZDcDBwePYnLcXJnXXPrq4bm,,,09-25 21:10,2,1,0,0,0,0,0,0,0,0
did:key:z6MkfH5kJrJU6AzxWvSnezTWdnDb3bZwSMbXA2zxN7GkEATq,,,09-25 21:10,2,1,0,0,0,0,0,0,0,0
did:key:z6MkfKkDCRo9mo5HtuE8kH2t9jpu1seVbWTkin3MjwcfLaf4,,,09-25 21:10,2,1,0,0,0,0,0,0,0,0
did:key:z6MkfMNXAPc8XHhYQyJeCFd3YKvZMjCmYMe38p3bVVMQ14uJ,,,09-25 21:10,2,1,0,0,0,0,0,0,0,0
did:key:z6MkfRChZ1ydrA7ezrqaQMhpvApuNn57zGpkggBisJLzj9tC,,,09-25 21:10,2,1,0,0,0,0,0,0,0,0
did:key:z6MkfUkMYuTEBeCJ93yGdQdUeXgvMhyTr1Dg5FQ4MGW1ALBE,,,09-25 21:10,1,0,0,0,0,0,0,0,0,0
did:key:z6MkfVhd5vebQLE4NcEoYxUSFHkZUaibN52C2xsfHuFqAuNG,,,09-25 21:10,1,0,0,0,0,0,0,0,0,0
did:key:z6MkfXM8Wt8nAM8pCqTxRRufLdJC3roPZorajwaFmaKS4rgy,,,09-25 21:10,1,0,0,0,0,0,0,0,0,0
did:key:z6MkfXbx2o1QLPLJrM4WsBgHMECF3FjwUdssZR3Wv6LX2yZE,,,09-25 21:10,1,0,0,0,0,0,0,0,0,0
did:key:z6MkfanaRp3tb6hbpfh5GX3rJH1f8GaPvBxSKN6LwuAjqoYR,,,09-25 21:10,1,0,0,0,0,0,0,0,0,0
did:key:z6Mkfb3tpAJta3bb318xh45moWqjQRmvH91k4cEsbTGe2A2d,,,09-25 21:10,1,0,0,0,0,0,0,0,0,0
did:key:z6Mkfc4aX5PCaeLfBUo6QtfR4yJ4N7e1f5m6eMXppFdCHiny,,,09-25 21:10,1,0,0,0,0,0,0,0,0,0
did:key:z6MksG1pdiesyoNmqzkh7Dqxu89GjejSR9bo34p7qocuB2i9,,,09-25 21:15,15,1,0,0,0,13,0,0,1,1
did:key:z6Mkedga1PWzWXgF9bCUygLCf376GwmL6HmeLZiuAGoVmMkj,,,09-25 21:15,2,1,0,0,0,0,0,0,0,0
did:key:z6Mkew2BwK6mUeVbs4bKK6kQ3VVhsZmTj3vyxN8cBe2f7hMp,,,09-25 21:15,1,0,0,0,0,0,0,0,0,0
did:key:z6MkexYDzh2SUNdGTuoAg1JzCBDqB6paZsvSAYVtRq1EmrUz,,,09-25 21:15,5,1,0,0,0,0,0,0,0,0
did:key:z6Mkf1cvaXT23ZLAQyiVFNgZC39AvaMcL9LRSuxf8x8HGeWm,,,09-25 21:15,1,0,0,0,0,0,0,0,0,0
did:key:z6Mkf8ZNCPnf4VEZfAty6K6PsQ93VskeGkN42fr9nBjD2vMw,,,09-25 21:15,1,0,0,0,0,0,0,0,0,0
did:key:z6MkfPUVwe3snEhEBLTz5vuJpu6DaLFATKhWLudLxTUud6te,,,09-25 21:15,1,0,0,0,0,0,0,0,0,0
did:key:z6MkeUxVGQ4HALgrBzYuFaUKkZjybWAGtXfSPkLzdiaLwu17,,,09-25 21:20,7,1,0,0,0,0,0,0,0,0
did:key:z6MkeV2Bjcq46XgAbgKiTLCeFWGmAuwgxj1h8y2ZY9A6vxUA,,,09-25 21:20,7,1,0,0,0,0,0,0,0,0
did:key:z6MkeX4iqzBx9MjB3aWBZiToHuoeE1XQELGTvjUiLdzAExzk,,,09-25 21:20,4,1,0,0,0,0,0,0,0,0
did:key:z6MkeXLysn8VptjZCTv3RbSDDFXcCGSkoJM2jQCZNMFwmJuC,,,09-25 21:20,4,1,0,0,0,0,0,0,0,0
did:key:z6MkeXbKcLPjGX7vAzCsyhFxtCRHAkhDwB6KhLWjCYcz4NwF,,,09-25 21:20,3,1,0,0,0,0,0,0,0,0
did:key:z6MkeY7EKzBQuxPhZsZFtKC4RMNUaFvaZNDWUKeeCfb4tSHp,,,09-25 21:20,2,1,0,0,0,0,0,0,0,0
did:key:z6MkeYpqz9ikLJWfmvKYDbcUEP8U7xeM9kjqdT4SzHzYnGY6,,,09-25 21:20,2,1,0,0,0,0,0,0,0,0
did:key:z6MkeZVNTKNAMQh56y6Ru5S6eezk2ySFmCDUeAktdVbXokyS,,,09-25 21:20,2,1,0,0,0,0,0,0,0,0
did:key:z6MkeZWyioFpUwSqmge8o5gryMcqtfnStqKoPSMCVbHzRftf,,,09-25 21:20,2,1,0,0,0,0,0,0,0,0
did:key:z6Mkeawv6pTqTWTSFUFvpcLMEvz6x8QDGHHgjEBTHA4xuN1f,,,09-25 21:20,1,0,0,0,0,0,0,0,0,0
did:key:z6Mkeaz9oNQwufYL7xj9PB3W3eTDwiSdADAPzj5oJQbXh4Kh,,,09-25 21:20,1,0,0,0,0,0,0,0,0,0
did:key:z6Mkebnmn98UodJbdVmRq2ZMuL5bmHEQRKWHwqYHAz3MiwGb,,,09-25 21:20,1,0,0,0,0,0,0,0,0,0
did:key:z6MkecfG7rrx4jnGF3cDv2gDGrvRbPT8cEjgJ6Z3C9MFRPd2,,,09-25 21:20,1,0,0,0,0,0,0,0,0,0
did:key:z6Mked6fkKVd4n2aWGEu9v6DvjrNYs9AUqy4hsJahNWHKMCf,,,09-25 21:20,1,0,0,0,0,0,0,0,0,0
did:key:z6MkedPczcJDVhqcoy7BevueRpRkg6HjHrbYYRKKuc19kHav,,,09-25 21:20,1,0,0,0,0,0,0,0,0,0
did:key:z6MkedQLcGRJw71EVpp3E9LUpwXf2t87P18iCrmuYLrJkCDf,,,09-25 21:20,1,0,0,0,0,0,0,0,0,0
did:key:z6MkedehDiDmu3kEAXt37WdNhuZgntijZJot89fUmsogj3MN,,,09-25 21:20,1,0,0,0,0,0,0,0,0,0
did:key:z6MkeekvShpidMWgUXWTMWhMvRrVsm6eScGb75sBMAXqyyy9,,,09-25 21:20,1,0,0,0,0,0,0,0,0,0
did:key:z6MkeTRPAgWvJYxcAZ2fVvWqfGf7aK2857fRmFW4WXV6wKoh,,,09-25 21:25,10,1,0,0,0,8,0,0,0,0
did:key:z6MkeTTwRnSaWuXLM5cBcuBiuMm9K3jo46opsse88w2NxBFT,,,09-25 21:25,10,1,0,0,0,8,0,0,0,0
did:key:z6MkeVwRx1PnPp7xdFATLLqKjR52RGULhru3o2hXPehhKnqU,,,09-25 21:25,5,1,0,0,0,0,0,0,0,0
did:key:z6MkeWF3ZZA8uYLkBu6zD51BozV1yAxQXMcu7wxrYPET1o4n,,,09-25 21:25,4,1,0,0,0,0,0,0,0,0
did:key:z6MkeWJTvXBk2sRZmim9gdGXwvJL7GwCmXxUpfdAbszrP3kX,,,09-25 21:25,4,1,0,0,0,0,0,0,0,0
did:key:z6MkeWzYtgwgnhAkKp8PFpTuu8PKiraPLaHupa4DfDncL1RJ,,,09-25 21:25,4,1,0,0,0,0,0,0,0,0
did:key:z6MkeXoVt1QgTjhMnv3Kya2YcJ3bTnrtjvRAPnTDTfHUt1VZ,,,09-25 21:25,2,1,0,0,0,0,0,0,0,0
did:key:z6MkeXwJ5WJhGu5kgMsnhcaNLWeZV4S3emNBKb9qZ5YV24i9,,,09-25 21:25,1,0,0,0,0,0,0,0,0,0
did:key:z6MkeYBffzDu75NQ8QKus7khMTsx8jEEFcUXR8ptLx1KZf3D,,,09-25 21:25,1,0,0,0,0,0,0,0,0,0
did:key:z6MkeYfXkvwZUEov9kYMBq7SHDXqgpyUZqt58Ghoq2naqRCg,,,09-25 21:25,1,0,0,0,0,0,0,0,0,0
did:key:z6MkeYtPC6WjQAYHoQzJmYmjfGUvfiLCzpM14TKxJoMhXA5w,,,09-25 21:25,1,0,0,0,0,0,0,0,0,0
did:key:z6MkeZ9iS4apD1uu2u6Kagj9hZm3xaFBmd9izPoGAjbFPBxY,,,09-25 21:25,1,0,0,0,0,0,0,0,0,0
did:key:z6MkeZcYyV15rw7F252tdtbYAJsjp9aPGJedssiSc8LjHb9r,,,09-25 21:25,1,0,0,0,0,0,0,0,0,0
did:key:z6MkeaR6F1mHWbDfqJrpqj7MPv92TvXTL8A5fbwDxiKwZeoV,,,09-25 21:25,1,0,0,0,0,0,0,0,0,0
did:key:z6MkuaxekfXLHcZCV38aDHYEx6Sz5rkJiPWSJQRHCQqLy2Ve,,,09-25 21:30,1,0,0,0,0,0,0,0,0,0
did:key:z6MkeTH2aKPootPLNXWXHeF68or45SkmgST4ZRWpuY6X8fD7,,,09-25 21:30,10,1,0,0,0,9,0,0,0,0
did:key:z6MkeTw3jCW3isio159wQ1YayNqwDkn3boqrYJ3zXKBWz6zb,,,09-25 21:30,7,1,0,0,0,0,0,0,0,0
did:key:z6MkeUkdPCVwgroXB8FVXhCkDC4sgfxzApJCJBk4TqMG7DgB,,,09-25 21:30,5,1,0,0,0,0,0,0,0,0
did:key:z6MkeUzgynVgyRW1BTQvfM1wAFXRhG65kQqPYHchVPtS7kvS,,,09-25 21:30,5,1,0,0,0,0,0,0,0,0
did:key:z6MkeVgkqvhcjFvE3N6Autx5W9sQGyQm2XsNTa56nNb5CAyz,,,09-25 21:30,4,1,0,0,0,0,0,0,0,0
did:key:z6MkeVhpigEdcDS5CgaoFNZa65RaECCwihcxKYT9DWNczCna,,,09-25 21:30,4,1,0,0,0,0,0,0,0,0
did:key:z6MkeW922uWniNUWGkspbRSAJMGPF3SAnUV7RLTscv34rz6D,,,09-25 21:30,3,1,0,0,0,0,0,0,0,0
did:key:z6MkeWEwpoMt8JAy8yJxRf55c6xgJimfQbUc5SAurnnSVqDy,,,09-25 21:30,3,1,0,0,0,0,0,0,0,0
did:key:z6MkeWR63iKqrfvtm38xkvBjvYyrkCmdkPrKepTwU2oc3Wzi,,,09-25 21:30,3,1,0,0,0,0,0,0,0,0
did:key:z6MkeWtQty6rFK98bVqRJXqQB92m8pNDbZPH8Z7Wx5sgxK5X,,,09-25 21:30,3,1,0,0,0,0,0,0,0,0
did:key:z6MkeUkhYkBZa3JJHKYav6LjpWpoWRt8YMiUpnCv8YtERWdQ,,,09-25 21:35,4,1,0,0,0,0,0,0,0,0
did:key:z6MkeUrNDR7jmMVJPseSjPxvhu6TwisLdjDy7TKf6Ny1RuJe,,,09-25 21:35,4,1,0,0,0,0,0,0,0,0
did:key:z6MkeXNYbiATTz364UxwMDtaA2a5aKbacpTDFrq3QjT1Q5LK,,,09-25 21:35,1,0,0,0,0,0,0,0,0,0
did:key:z6MkeUTMbLL9DoJ7EzSc7yS4xaAEVoGHixtXc5mch3XkMc2B,,,09-25 21:40,3,1,0,0,0,0,0,0,0,0
did:key:z6MkeVX2A5wHLgZLaxqn6EGEt6Xqy2mTxfAgn7k5zRibyCvY,,,09-25 21:40,3,1,0,0,0,0,0,0,0,0
did:key:z6MkeWQXEhLMyHpmBsfCbKLLzFzmrxNi8dDs975Vt73MuNnb,,,09-25 21:40,1,0,0,0,0,0,0,0,0,0
did:key:z6MkeTtPncZq8VmQ2hmYqKkAvk2xZYUziGsg4mEgFzHNUjgj,,,09-25 21:45,4,1,0,0,0,0,0,0,0,0
did:key:z6MkeUKHzdPPbMQZZQ4Cv1Yfpi9DbP9oPXhLcQkBAmKdbbPp,,,09-25 21:45,3,1,0,0,0,0,0,0,0,0
did:key:z6MkeUXjnz1qspg7S8Yd9K32XBkV7WQakgHS4AkAziWUXdd7,,,09-25 21:45,2,1,0,0,0,0,0,0,0,0
did:key:z6MkeUkdBxdSUvXwpXobajrwVj8XryntHGuvrsPQrCxgk9uQ,,,09-25 21:45,2,1,0,0,0,0,0,0,0,0
did:key:z6MkeVFriKE8uZQg5E5wC5rEKq7od6y7xDuiMX4u6Xqz7cy4,,,09-25 21:45,2,1,0,0,0,0,0,0,0,0
did:key:z6MkeVZRsMQNU4wVmBtXcp8cBxqVKaq8BYzHQSEQ1dd9UJkA,,,09-25 21:45,1,0,0,0,0,0,0,0,0,0
did:key:z6MkeViatZL8LmSoVFBYZXWKi7nmcT4HjdCaChJyiAKWrZRJ,,,09-25 21:45,1,0,0,0,0,0,0,0,0,0
did:key:z6MkeVo969iRGmDMPzRDyffRLHLsGy54DMqhQL94KzKV8XV7,,,09-25 21:45,1,0,0,0,0,0,0,0,0,0
did:key:z6MkeTHYuRvX7vLdb2xymuz7Y5VTZCWXWiL8sdD9Z6EkZL9B,,,09-25 21:50,6,1,0,0,0,0,0,0,0,0
did:key:z6MkeTvf4Mynjzx69VMJxnMTdKNdYkvUz2ybgqPKCe4QwtdY,,,09-25 21:50,3,1,0,0,0,0,0,0,0,0
did:key:z6MkeTyqo2cVd4u3jckWdGZjw8sXvRtsHvL2UZPLrQ9xFoTe,,,09-25 21:50,3,1,0,0,0,0,0,0,0,0
did:key:z6MkeUEAgz5LXQzvbTc6LponuLEzSBGWJ6YjfYW3vqA94JDL,,,09-25 21:50,2,1,0,0,0,0,0,0,0,0
did:key:z6MkeUTp5BozG1r3prLq38RzeDQSRfeo33fmrcaASmeVZe25,,,09-25 21:50,1,0,0,0,0,0,0,0,0,0
did:key:z6MkeV8FkgDCW6ADwrhD8KkUuKyDapdfZmiffyYeEt4L8jF4,,,09-25 21:50,1,0,0,0,0,0,0,0,0,0
did:key:z6Mkktbjvv5jGRa4WKxZSs7qJ7SXq1FHQnGg2WVPendvF8wS,,,09-25 21:55,4,1,0,0,0,0,0,0,0,0
did:key:z6MkeTLg24UgPUDqr14reCwukPxTCRkfCpeucENQG5evFvxr,,,09-25 21:55,5,1,0,0,0,0,0,0,0,0
did:key:z6MkeTQJQCqWwew3GnBLTiUMp7NXK2oeiF9vGBwco1gvXpCh,,,09-25 21:55,4,1,0,0,0,0,0,0,0,0
did:key:z6MkeTb3nTJBi5f2j1Zk8EWD8s4JPP7g9afNEZYTgGzpz4kB,,,09-25 21:55,3,1,0,0,0,0,0,0,0,0
did:key:z6MkeTeHeHACpLoPTt1x9zPocXMZGhFKGzfeymcnZqqiiXw2,,,09-25 21:55,3,1,0,0,0,0,0,0,0,0
did:key:z6MkeToFBGSpazdoxj95mKnvsTGFMCsfm2eNMqADVddGSVy8,,,09-25 21:55,2,1,0,0,0,0,0,0,0,0
did:key:z6MkeU79WS5KodwC4sg7Qkuc6ndTjp71wggdCe9a4wVahhUk,,,09-25 21:55,1,0,0,0,0,0,0,0,0,0
did:key:z6MkeU9isBm7euTuAonxcmjp36BpU17kV5f83ZMNXQ14caCy,,,09-25 21:55,1,0,0,0,0,0,0,0,0,0
did:key:z6MkeUGQj3nCypx7xANsASbPtBM7kYqnTFjkw9JCQbSddzEJ,,,09-25 21:55,1,0,0,0,0,0,0,0,0,0
did:key:z6MkeUMpbNbacZf5ijFYQJ8bNQYKZCjMYhF1z6f2u7nXRffr,,,09-25 21:55,1,0,0,0,0,0,0,0,0,0
did:key:z6MkeUNj6UZ5PhNwHTUbU8doohq57w2NH2A72kQbcmVgaTvz,,,09-25 21:55,1,0,0,0,0,0,0,0,0,0
did:key:z6MkeURH1YeJApdcsQg2X2Xfb8d2ZeFT1t6SFnwaaT2JoJuP,,,09-25 21:55,1,0,0,0,0,0,0,0,0,0
did:key:z6MkeTKDoN2LC5b71BvtesRCb9nNXwTjwEoPDnMfULxZoVck,,,09-25 22:00,4,1,0,0,0,0,0,0,0,0
did:key:z6MkeTNk9B4vRMD14R3hqdX4UFnjmPCNXXNfCeRxK5tvFjGB,,,09-25 22:00,4,1,0,0,0,0,0,0,0,0
did:key:z6MkeTPaAj9Cjpp5FuJoTRVXbM33gV4ptG9rDNGjtXsUcfC8,,,09-25 22:00,4,1,0,0,0,0,0,0,0,0
did:key:z6MkeTQqaJooCLD8iXreeKZ2KkPwRB7ejzWsDufR8FEEgJSP,,,09-25 22:00,3,1,0,0,0,0,0,0,0,0
did:key:z6MkeTU2WtXufhktERECtxwCaGc3UcUKx62xut7jx3FxJe98,,,09-25 22:00,3,1,0,0,0,0,0,0,0,0
did:key:z6MkeTZLHRVEjt5G82hkEHTk2Y7URU1MciugwiehW7PerYnz,,,09-25 22:00,2,1,0,0,0,0,0,0,0,0
did:key:z6MkeTbR1sUJP6GY7cX7nSvXxBZkPPioDL46VYrmp6eC381f,,,09-25 22:00,2,1,0,0,0,0,0,0,0,0
did:key:z6MkeTog3W4Q6MnXUuCvak6KZFmtUXWVYKHJXLiAswH7nn4o,,,09-25 22:00,1,0,0,0,0,0,0,0,0,0
did:key:z6MkeTrkYArkU7KBDZUp6vqs9XNiQtyDn6T4UDm8acF3VG1n,,,09-25 22:00,1,0,0,0,0,0,0,0,0,0
did:key:z6MkeTKoA4pTkh5uCgv1vjpt92jbo2akZSiBKHSLgLtvLmPk,,,09-25 22:07,3,1,0,0,0,0,0,0,0,0
did:key:z6MkeTSmH4FvFTnNBYednUEKxiAF25TZGXTwDBSyrQF4AaXi,,,09-25 22:07,2,0,0,0,0,0,0,0,0,0
did:key:z6MkeTUhBizavU8UjBzXRnd1G85j4RMFDcLMfXd8NzMf5JAc,,,09-25 22:07,1,0,0,0,0,0,0,0,0,0
did:key:z6MkeTZYJghKVbKvWGQHBMEC6eFaPp2QsCC5Aj3qXRLdjGV7,,,09-25 22:07,1,0,0,0,0,0,0,0,0,0
did:key:z6MkeTaig4vDc9UwKemEdcDoxWtLihRf31aBRRWchjLavBdD,,,09-25 22:07,1,0,0,0,0,0,0,0,0,0
did:key:z6MkeTcJsLeuqgaxaJ9tajWvpEvz26h8CKVagU6rhhYLAupR,,,09-25 22:07,1,0,0,0,0,0,0,0,0,0
did:key:z6MkeTcR7He7sY6imuJguhifiNKrWceKNus5HGuajbAwymdK,,,09-25 22:07,624,20,0,0,0,551,0,0,0,0
did:key:z6MkfEuYtAKyt56z3VTxPSaEtVqZgtstFk1QSainhdYUB1F4,,,09-25 22:13,3,0,0,0,0,0,0,0,0,0
did:key:z6MkhmFtpKScbG3wGr7Trk8YkjMkT5Sv4LXNTb4SWjF9DtRi,,,09-25 22:13,3,0,0,0,0,0,0,0,0,0
did:key:z6MkiLz6APHn2K5cEeMnUgmiYZprKHvU9VGr5yRHNVEpgVCf,,,09-25 22:13,3,0,0,0,0,0,0,0,0,0
did:key:z6MkkM2KjJRbhhEiWhggn4Lnmcy4wDKeNkHr2TyB7dwf3qdh,,,09-25 22:13,3,0,0,0,0,0,0,0,0,0
did:key:z6MkopMTUbkK6uAbsWZyHv5AzF4n6RSByMghcHTJ93vi6kj6,,,09-25 22:13,3,0,0,0,0,0,0,0,0,0
did:key:z6MkqYo1AseQhfUmzUg4rneB3DBJCL2Xk8yFNvfSSSL57svB,,,09-25 22:13,3,0,0,0,0,0,0,0,0,0
did:key:z6MkrHBh1rhqvkqvmdMMtWxG1jw8eYsS8tLdyyUxvs9dkY8R,,,09-25 22:13,3,0,0,0,0,0,0,0,0,0
did:key:z6MktBGPmQzHtY6yCuGAtpiGLykr8sPJJ6MBSj3KkGaA2KbK,,,09-25 22:13,3,0,0,0,0,0,0,0,0,0
did:key:z6MktwfxZCUcrSYRxD2RsXymJpzkQmQm6m2PrNNnhuNThdFt,,,09-25 22:13,3,0,0,0,0,0,0,0,0,0
did:key:z6MkuPqPKYtHFsQi65uNnkrUihUmg8A2SdN58NfRcPfsL5RT,,,09-25 22:13,3,0,0,0,0,0,0,0,0,0
did:key:z6MkudMBypcsWfBg4nCU4YqVpv2oH9CAbbkbkHs4ipffKyCf,,,09-25 22:13,3,0,0,0,0,0,0,0,0,0
did:key:z6MkeTJL6vtgbWwA6VtmtN55aokjn8mUTyypK9PVQuieGM5L,,,09-25 22:13,2,1,0,0,0,0,0,0,0,0
did:key:z6MkeTJpASGK9fwzNogADrkZHyqTwWua8FNNgfrZ2eD26E7k,,,09-25 22:13,2,1,0,0,0,0,0,0,0,0
did:key:z6MkeTJuXvvTR8XnzfZtLzxXuETmdwEde29wHUy3eccHRpou,,,09-25 22:13,2,1,0,0,0,0,0,0,0,0
did:key:z6MkeTKhHU7zRH6UaDve6WT8FENvuspHEEKQe52RpC1WMucL,,,09-25 22:13,2,1,0,0,0,0,0,0,0,0
did:key:z6Mkkb6MRyZnuxP5N9VDGTjXFVqQYUjJjnf4imxkc4piiZVH,,,09-25 22:16,2,0,0,0,0,0,0,0,0,0
did:key:z6MkouKkfF3puKFJAtjeKSnc8tFPfsqvpWypv5VvZTSPDCoW,,,09-25 22:16,2,0,0,0,0,0,0,0,0,0
did:key:z6Mkmb1MQMa1yYaMDNHmZ4PSUXHj9Ze9V6hFQV5f4jf4JkcS,,,09-25 22:16,2,0,0,0,0,0,0,0,0,0
did:key:z6MkeTH8xzJq7TV63afH5ddVqkLtMVe3gZrbCPrAzkXCSjhH,,,09-25 22:16,1,0,0,0,0,0,0,0,0,0
did:key:z6MkeTMbQEps5phEaZ439GSmjuxcfPW1HTXWCMQgex5kjdUx,,,09-25 22:16,1,0,0,0,0,0,0,0,0,0
did:key:z6MkeTQ1kVEbVMrUQ1Y8bXVMfmnivSb4TKM5aE7HPUfjjTxg,,,09-25 22:16,1,0,0,0,0,0,0,0,0,0
did:key:z6MkeTRHyahjkKaQBtLSgeJDoehTPEJL17VfpPk3rXacaPqX,,,09-25 22:16,1,0,0,0,0,0,0,0,0,0
did:key:z6MkgtSXdTQMaxK83zt8RdC3aSVFrCtDt7uqX7AGkJSiWP3Z,,,09-25 22:20,2,0,0,0,0,0,0,0,0,0
did:key:z6MkhzY9YfnX78KqS69ofvywuLruScC4wS1C496abz4Vkr45,,,09-25 22:20,2,0,0,0,0,0,0,0,0,0
did:key:z6MkiJFaoQ2w3YvKJoZqFEYTyA1C42CYsE7rotDdEqiLgaC4,,,09-25 22:20,2,0,0,0,0,0,0,0,0,0
did:key:z6MkijhzMxc6bucZb3J7C1K9NH8xXyTQrp9NLtdwseXvY9wA,,,09-25 22:20,2,0,0,0,0,0,0,0,0,0
did:key:z6Mkk3kvVeVYLPRFUT1bqLY1YcNCpNZHvwWig9zdAJrUBNB3,,,09-25 22:20,2,0,0,0,0,0,0,0,0,0
did:key:z6Mkk6JuX59k1kzuG23QxmQ4VCTZNDFwPH1UxSMGtTgmfyUb,,,09-25 22:20,2,0,0,0,0,0,0,0,0,0
did:key:z6MkkobxAQiVy2LLAiP7QC5uvUhP5b5thYqVhLBDFVcjVB3u,,,09-25 22:20,2,0,0,0,0,0,0,0,0,0
did:key:z6MkmPv2PRGSr1TG7DvFufn4MsMKNC5VmbpY1XTEAxrjp26o,,,09-25 22:20,2,0,0,0,0,0,0,0,0,0
did:key:z6MkmTLyueKBKvvkwV3WY3yP6mnaWGHjdLVYFsiRyv8zeUb9,,,09-25 22:20,2,0,0,0,0,0,0,0,0,0
did:key:z6Mkn3hFHFNLLtXu42jyfiiHWtQPRBg3gq8hkcLSwVthUfQU,,,09-25 22:20,2,0,0,0,0,0,0,0,0,0
did:key:z6MknL1wFTpEs62bVZBKamDbXZwv9e6hq8CkRmKqwWGuj8wQ,,,09-25 22:20,2,0,0,0,0,0,0,0,0,0
did:key:z6MkoRkJ96HNJCxDuftbxfH21TsTaCSPcDwc2oDyzKdfau48,,,09-25 22:20,2,0,0,0,0,0,0,0,0,0
did:key:z6MkuKQdgzecAsJgFPKCueHXcb3x75uYDmTdizDQid569qnj,,,09-25 22:20,2,0,0,0,0,0,0,0,0,0
did:key:z6MkqFDHcHi1KLcKC6LiroWYPhgXDALqWy4r4SB23BJRTVMc,,,09-25 22:27,1,0,0,0,0,0,0,0,0,0
did:key:z6MkfHaKnH7zs1f1UuBxBjnuhAM1FzJbv8BoSzZRxB7CbMXz,,,09-25 22:27,1,0,0,0,0,0,0,0,0,0
did:key:z6Mkt3poPbrvs9bagk2oX5tdxCTqqYpZKYeYeutACMg8utDf,,,09-25 22:27,1,0,0,0,0,0,0,0,0,0
did:key:z6MkoeBJs9A5bswGNce1pCAgPsLfuCpERXksvpnn8wTgGPyr,,,09-25 22:27,1,0,0,0,0,0,0,0,0,0
did:key:z6MkgqzEipDzCKgGf7VpLgMLzvrcykoYGrdRxZWDRK4gusVL,,,09-25 22:27,1,0,0,0,0,0,0,0,0,0
did:key:z6Mku71LrsRzW33u3gXhhE8GrB3aWwM7km9LzQLoUPa9MpGx,,,09-25 22:27,1,0,0,0,0,0,0,0,0,0
did:key:z6MkoG6r5CrC5ip3urXMa9cxFx9kjb5ASuN1iTag9UKMPvnE,,,09-25 22:27,1,0,0,0,0,0,0,0,0,0
did:key:z6MkuCZoiA3UFcQLnBAqGqk89RPzjqvtaTqAKgbtpLqH16VL,,,09-25 22:27,1,0,0,0,0,0,0,0,0,0
did:key:z6MkfM122cSjtowhUbSSUEmzXCbjmCtYMvKf6AYVNtU3U6Jx,,,09-25 22:27,1,0,0,0,0,0,0,0,0,0
did:key:z6MkfNdgmfLaarZf2G1jQvw1t2rPFnVLxKcVo7eZaZpV5CNx,,,09-25 22:27,1,0,0,0,0,0,0,0,0,0
did:key:z6MkfYtP42WdxFmyPPh5scLNcxWjMyCBgxSgkKaMR9X35yL4,,,09-25 22:27,1,0,0,0,0,0,0,0,0,0
did:key:z6MkfuxUDe65mV6e8K5bQQVzKz8PPgBd84CZH8M3rF83hwtp,,,09-25 22:27,1,0,0,0,0,0,0,0,0,0
did:key:z6MkfyxMwCzxf1tjJXRBX9BHkU1EQXW36RPMsHzxp1sjkMva,,,09-25 22:27,1,0,0,0,0,0,0,0,0,0
did:key:z6Mkg1HjGDmstcnrrESjgFrySbERfDkjM8EiZ9Gu9bvT7sNn,,,09-25 22:27,1,0,0,0,0,0,0,0,0,0
did:key:z6MkgVKmwJhUTmhE8UR6yE4g9Pp6RHx7XJCTa57YnrHwKSSB,,,09-25 22:27,1,0,0,0,0,0,0,0,0,0
did:key:z6MkjAuhHLmkzTE1PtNYqYKTgNGD4oNBCRKMVox61tnRtLEL,,,09-25 22:27,1,0,0,0,0,0,0,0,0,0
did:key:z6MkjQigmvaTELdBPQimoHXhJz8XftiBwFdReszH2WnnqwoQ,,,09-25 22:27,1,0,0,0,0,0,0,0,0,0
did:key:z6MkjfP9381tFaR6Ehfk85ShmNoKfHu6oWjs4hSqkGHEpqTt,,,09-25 22:27,1,0,0,0,0,0,0,0,0,0
did:key:z6Mkk5o87uSz5C2Nwbu13WbT6nVJMnHHhfkrzVBonTztoKeq,,,09-25 22:27,1,0,0,0,0,0,0,0,0,0
did:key:z6MkoXSbx7ADcV5jCTWtdCsnK1wQvqYrANWvBo8g4ECqiYkH,,,09-25 22:27,1,0,0,0,0,0,0,0,0,0
did:key:z6MkohEAeaGKvusA9yrRsj1PKbVmFjpYEF1TjfUGPV1rYeGZ,,,09-25 22:27,1,0,0,0,0,0,0,0,0,0
did:key:z6MkpxiEnCSvrMCnkuuFX73SrncCZSXiejDucxCcizxRFir1,,,09-25 22:27,1,0,0,0,0,0,0,0,0,0
did:key:z6MkgTDg3hEz4pwiFcJCDjRvR3hZbVWwy23oGuqFbFxu7Hne,,,09-25 22:37,636,15,1,0,-0.43,592,1,0,0,0
did:key:z6MkeVj5ofGVVYiBgBL2se7GHN7TkgTPP4vPAJpYB8n5bh3G,,,09-25 22:37,623,20,0,0,0,551,0,0,0,0
did:key:z6Mkedxe1yacwZyNB1tyyuW71PFvU9Y8YDrFmirDrkZ5hZDY,,,09-25 22:37,623,20,0,0,0,551,0,0,0,0
did:key:z6MkeoSLusYXGPJCc85TrHyTkDrePyj1sGdVLZttc5nAKTsP,,,09-25 22:37,623,20,0,0,0,551,0,0,0,0
did:key:z6Mkew4yojP49HTxtU2r2e95oGzUmkQTZSH9ZKwohXRGy6s8,,,09-25 22:37,623,20,0,0,0,551,0,0,0,0
did:key:z6Mkezgo62tneqHnXLnkcejgeT6649seLTd12ZPwehqNvMLt,,,09-25 22:37,623,20,0,0,0,551,0,0,0,0
did:key:z6MkfAgykBeKW5Cvb9pBd3bjmoH135vmk84nXv5Ggzixd8dq,,,09-25 22:37,623,20,0,0,0,551,0,0,0,0
did:key:z6MkfRHaNGkD6yTjFc6CkE4hkdzBqU44xHPXVfxep4bD4yyB,,,09-25 22:37,623,20,0,0,0,551,0,0,0,0
did:key:z6MkfgeJ1W5owZUL8P9CKEQP15jRfwpKUxqz79E8YgtHaB9p,,,09-25 22:37,622,20,0,0,0,550,0,0,0,0
did:key:z6Mkg7L5tA562LdL4nHZjES9aiF2kMDf6VGx3Rtz1NKwEvE9,,,09-25 22:37,622,20,0,0,0,550,0,0,0,0
did:key:z6MkgDAkV9H8ECr68PipsZTrKmgVeNVyzDrXhFop2JoYPiXz,,,09-25 22:37,621,20,0,0,0,549,0,0,0,0
did:key:z6MkgF6CTM88maYBeesrz3jMECCsC6mqpBG4XimQcJ5BiaYt,,,09-25 22:37,621,20,0,0,0,549,0,0,0,0
did:key:z6MkgGHxNXYrXRHGpc7rTuYo6UJbQkoh5TWmoea5WeSA8THn,,,09-25 22:37,619,20,0,0,0,547,0,0,0,0
did:key:z6MkgguZoEHtR9swFUBijm35pzsHu6VSu6ZYnCg38WRVSiE5,,,09-25 22:37,619,20,0,0,0,547,0,0,0,0
did:key:z6MkgoNezyKCRpF5Z71dS4HYR7QJtSs58a9BQhb1trHKKYJY,,,09-25 22:37,619,20,0,0,0,547,0,0,0,0
did:key:z6Mkgp6WNy2MEtp3ZzSyHpkagTojFNcWAwtfyt8M8jZMBQck,,,09-25 22:37,619,20,0,0,0,547,0,0,0,0
did:key:z6MkgyCCpopSUaXjarCQCVayeLjnQLQAxwGVN4MMpqMiEXFQ,,,09-25 22:37,583,29,0,0,0,429,0,0,0,0
did:key:z6MkhPcuhogTU98s4VqRHrvhn7HMuCzTKuML1zMZsyRGqWL7,,,09-25 22:37,583,29,0,0,0,429,0,0,0,0
did:key:z6MkhVREfWiBKPad4zmnJPEYcTC5c1HzvmGkHeJZ43tUCyfU,,,09-25 22:37,575,27,0,0,0,429,0,0,0,0
did:key:z6Mkhbot1qH7PE3JQHt4sbYDt6AX6Db2k34MkPmi9J9Q3Chb,,,09-25 22:37,575,27,0,0,0,429,0,0,0,0
did:key:z6MkhjcydAB42SNUjgGWHu2cvhSn3kqiYgLVBgUBpnTu2fEj,,,09-25 22:37,526,22,0,0,0,417,0,0,0,0
did:key:z6MkhkKGz5VvkFchUSpRURnXe3TAxfPAKFQa4Lm9hh2v4oXS,,,09-25 22:37,526,22,0,0,0,417,0,0,0,0
did:key:z6Mkhn51ebeDjWr3uT96cWBQTDAL2e9YVMNEdEu8L6BcAzcj,,,09-25 22:37,525,22,0,0,0,417,0,0,0,0
did:key:z6MkhtLNH1boKRN7hwjjnuwiJ7PCUQQThiDiY4VHcg58pkK3,,,09-25 22:37,525,22,0,0,0,417,0,0,0,0
did:key:z6MktwQFyNG7drq1JtHv19Sz4pyb6pJF7yHr4w7CKUDXcnZw,,,09-25 22:46,1,0,0,0,0,0,0,0,0,0
did:key:z6MkgFydYzPr2Cgwv618ZcfPX3ZvrkfrbjoLah522PPkWCtW,,,09-25 22:46,1,0,0,0,0,0,0,0,0,0
did:key:z6MkpYu91Ga6XYRmEqKKduwFcNwWU3gbpWjs5FQv1atDh732,,,09-25 22:46,1,0,0,0,0,0,0,0,0,0
did:key:z6MktiLHKxneB9iWtsU2bAZnTmVRe9QZMFfvhvXXJSZnUxGZ,,,09-25 22:46,1,0,0,0,0,0,0,0,0,0
did:key:z6MkqU8BYpffRFAe8k3cJubovuRKuKTsPRT7NCasapkMxoEB,,,09-25 22:46,1,0,0,0,0,0,0,0,0,0
did:key:z6MkeYJ4YpM2d7WDswqPRaKm9sPwdc27VTrW28Sa9i7mf8Ci,,,09-25 22:46,1,0,0,0,0,0,0,0,0,0
did:key:z6MkeYvxnrhGwh6ELJtsQenNtAU9KD6YoLZYZpZnMPJ5jSpA,,,09-25 22:46,1,0,0,0,0,0,0,0,0,0
did:key:z6MkefBDsmMGTFRRB3ViCrtE1K1VrVhidYQnjHeShWYkzDrp,,,09-25 22:46,1,0,0,0,0,0,0,0,0,0
did:key:z6Mkf52KgkzK8AGXcTTkRczKCpGh2yBVVjXzGdWEde7H2SP3,,,09-25 22:46,1,0,0,0,0,0,0,0,0,0
did:key:z6MkfGBw7yiCBZKnWed6sWxD9Bf7G4PbjvV8fs7H7z121acG,,,09-25 22:46,1,0,0,0,0,0,0,0,0,0
did:key:z6MkfUPcJeB9RRuuSC1okDsZh2mxKvYdyEMuFBSLPBp5iUqX,,,09-25 22:46,1,0,0,0,0,0,0,0,0,0
did:key:z6MkfkmVrVWeaS8RtPrfLW5ykXWxXsMzXNrkuxbVwa4fcYjC,,,09-25 22:46,1,0,0,0,0,0,0,0,0,0
did:key:z6MkftAHNJfUPH4SjD45gHvfnHEtbNbSvNk7ZdgVQ4NWxnPA,,,09-25 22:46,1,0,0,0,0,0,0,0,0,0
did:key:z6MkgERpV11tgNecMDqJxb4rtHAeXZ1WLk6cdgidBDcmCsau,,,09-25 22:46,1,0,0,0,0,0,0,0,0,0
did:key:z6MkgXo6oGELCV6wP1iQJVtHgEhSinWiaQZrBFFXpXRzsR2f,,,09-25 22:46,1,0,0,0,0,0,0,0,0,0
did:key:z6Mkge8jgZMunBxihtAkQFuEZ2RESu2p2GSKm4MGhCAmwxGQ,,,09-25 22:46,1,0,0,0,0,0,0,0,0,0
did:key:z6MkgeEHNY2QpB5668k2eY3hiN1Ush6WWLHhAkwQPwHa47tM,,,09-25 22:46,1,0,0,0,0,0,0,0,0,0
did:key:z6MkgeWpbN43xoF4ky8BCyefyn3mtwoGDT53djVfU6U4bH2c,,,09-25 22:46,1,0,0,0,0,0,0,0,0,0
did:key:z6Mkh3p1TLqDzsNv7BHJFSVmqW5x89iUctPuShzaTABpf23G,,,09-25 22:46,1,0,0,0,0,0,0,0,0,0
did:key:z6MkhHbTEcdh6yTvSTSyaKqypG1RCtFmBTAaALg45idRQBKw,,,09-25 22:46,1,0,0,0,0,0,0,0,0,0
did:key:z6Mkhi8azyxyrYK11LhhzYqv6FkaFZmwc6Ai3QSKW3cidZW5,,,09-25 22:46,1,0,0,0,0,0,0,0,0,0
did:key:z6Mkhn5aM85j793ZbgUZVFsdBqva8Z1NitjwJSbTZPp7E1N1,,,09-25 22:46,1,0,0,0,0,0,0,0,0,0
did:key:z6Mki48MDmhD6eDMEBuUrVcUT29WYCa6CxAHE7aDuYhxap6b,,,09-25 22:46,1,0,0,0,0,0,0,0,0,0
did:key:z6Mki9JXW3FtoUsyQY22P8ppjzqzTi5fCnxCUPNUEghgAN7B,,,09-25 22:46,1,0,0,0,0,0,0,0,0,0
did:key:z6MkiTVxvno8MQuAid6UMonnKU6E65vYaVozSB8DivJZdVEi,,,09-25 22:46,1,0,0,0,0,0,0,0,0,0
did:key:z6MkfZzVMvzSRFYJvBjgvHmGtWaqPZPsh16BJ9a5CSEx3ppr,,,09-26 01:55,3,0,0,0,0,0,0,0,0,0
did:key:z6Mkt75nZmZh45yMbJTJfiPiYKsy5ZQ8B1MLpKjK2DUuXmnm,,,09-26 01:55,3,0,0,0,0,0,0,0,0,0
did:key:z6MkiHemeHnBstCScD1qqKykevTohPLeuT33WHyYCCwJU5R3,,,09-26 01:55,2,0,0,0,0,0,0,0,0,0
did:key:z6MkgKZSjmokZLMk3G8Edq6ra4Vpx21DV2SpRDVSs27thHyM,,,09-26 01:55,1,0,0,0,0,0,0,0,0,0
did:key:z6Mkfx7zB5Rgxfh3AXsswoxg7qBZoMyGfHL4CFhCPeFFQNpi,,,09-26 01:55,1,0,0,0,0,0,0,0,0,0
did:key:z6MkgFbMNFHz8CntjsBFNtvhuyJJsvoZ41LUAAqCHcVjCmuX,,,09-26 01:55,1,0,0,0,0,0,0,0,0,0
did:key:z6MkgaoTYKAZQ2nUGxrfS1sRnsW5sjE4YuVrYJCciYDMjrfP,,,09-26 01:55,1,0,0,0,0,0,0,0,0,0
did:key:z6MkjK9T5wPyVrqG8gWBrjDHM1s2emKCYc7D6ghNiF3bFZXB,,,09-26 01:55,1,0,0,0,0,0,0,0,0,0
did:key:z6MkjuGV1K8LLUeFv1mKZ5KPgbCVz1uEFskZs6Tkf1NbCHbc,,,09-26 01:55,1,0,0,0,0,0,0,0,0,0
did:key:z6MkkH36WBVsdo67krEvtCJaSNXAtczsiZKu2HNg9vvf8nuE,,,09-26 01:55,1,0,0,0,0,0,0,0,0,0
did:key:z6Mkkp1nQfEh8MRcQFZnRPovzjpyPHjnNQRhshs7SmTP9FUs,,,09-26 01:55,1,0,0,0,0,0,0,0,0,0
did:key:z6Mkn7YFMWvwZxheyZ3qtZ7Ptpg6BVsdsbRLmTRci2meXYHY,,,09-26 01:55,1,0,0,0,0,0,0,0,0,0
did:key:z6MknDZCqB2Vw67gsiwaw4DYDTZfVbDq2AMz5hNzWgGz6tTw,,,09-26 01:55,1,0,0,0,0,0,0,0,0,0
did:key:z6MkneSEQZPwGBG91THTu1yBG2WhAqiFABk1qU9UZCadTtbW,,,09-26 01:55,1,0,0,0,0,0,0,0,0,0
did:key:z6MknxARt3zb5EKhde3iqz8VWSkkr6NL24kAShYGSz4X4Y4j,,,09-26 01:55,1,0,0,0,0,0,0,0,0,0
did:key:z6MkppT7JgdtmqQPJF5RykWMy2QcUxitHXjVGVhhWn2LHUs9,,,09-26 01:55,1,0,0,0,0,0,0,0,0,0
did:key:z6MkqrvhfuTXGURyPTJYaf4STzDFbCzMjPkMdTTK1bisefXC,,,09-26 01:55,1,0,0,0,0,0,0,0,0,0
did:key:z6Mkqs7Soab5YA1kXuCh4Vv9anQN7JaV4CiWeS9jBaAzs1os,,,09-26 01:55,1,0,0,0,0,0,0,0,0,0
did:key:z6MkrDNXFa8NvDYJwjWNX6tLkL2TDqgid3HnddmvHzKrpB74,,,09-26 01:55,1,0,0,0,0,0,0,0,0,0
did:key:z6MksHWmMnSQnXyTiqpxop8zhfVYSj2jpWbrSf8t78ZsSWsG,,,09-26 01:55,1,0,0,0,0,0,0,0,0,0
did:key:z6MksbruBDtNEtCYoNVuNhw7kibr8GxD1iesNoLEohwhozoL,,,09-26 01:55,1,0,0,0,0,0,0,0,0,0
did:key:z6Mkug7apJYGU467ARj9xjpD4CHAfLgPZLGsWHyNtq4L5zoM,,,09-26 01:55,1,0,0,0,0,0,0,0,0,0
did:key:z6MkvPtgbSd36uP1CmtywM1YbfGPFB2reZcTA6tZYY2Tju2R,,,09-26 01:55,1,0,0,0,0,0,0,0,0,0
did:key:z6MkeTtDtDGWUGsLo83VHKJ6A3mYE4zaz27sSVmQzmxAKU1e,,,09-26 01:55,1,0,0,0,0,0,0,0,0,0
did:key:z6Mkecbacbs1vShXo4cTFUFNZkqXA1oKQsnmPkczZLbrjuLp,,,09-26 01:55,1,0,0,0,0,0,0,0,0,0
did:key:z6MkrWS1QpeQPREbVJv1bVESLhigcqEpy7qvSBdtScXB9GF5,,,09-26 02:47,2,0,0,0,0,0,0,0,0,0
did:key:z6MkeV1tQt83H429fTTLvt6BCgkmLBX7ycrkx8RVU2s67y1K,,,09-26 02:47,2,0,0,0,0,0,0,0,0,0
did:key:z6MkeY5FYyxeKgjzCQHHAcLMojamRTn19uBe9rAbu6yErVam,,,09-26 02:47,2,0,0,0,0,0,0,0,0,0
did:key:z6MkeYwcEq7u2epae12oymkdchj4JJkNJVd4tLvniLKUeS34,,,09-26 02:47,2,0,0,0,0,0,0,0,0,0
did:key:z6Mkebn4GV6kuepM98cNT3DjGVY6ZBm3Y9x9CzSAApvnfr2y,,,09-26 02:47,2,0,0,0,0,0,0,0,0,0
did:key:z6MkecDr4WVBAYGwgDE8xr4ZnRszYcT8Tutu6FpgAwahAFQA,,,09-26 02:47,2,0,0,0,0,0,0,0,0,0
did:key:z6MkeeZmnSXp5t7G2cjkGotn3sHPjGUDgmXBxPn324MzyNMt,,,09-26 02:47,2,0,0,0,0,0,0,0,0,0
did:key:z6MkefddwtQgZtHQvqtCQwZjCNQh8YAAjVusHVXUjt9hdpvu,,,09-26 02:47,2,0,0,0,0,0,0,0,0,0
did:key:z6MkeiJLwkyFxzisBohbFx5W6CDnKurQ1uGGXBB8NojktfNY,,,09-26 02:47,2,0,0,0,0,0,0,0,0,0
did:key:z6MkejvNJUQajjw565xj8Z7bmRbXU8WjvidRoYuk3emNxEnG,,,09-26 02:47,2,0,0,0,0,0,0,0,0,0
did:key:z6MkenbYU5agXTmai8wkPRrbnjCUJ5P1SugYdQF3b6psdrCo,,,09-26 02:47,2,0,0,0,0,0,0,0,0,0
did:key:z6MkenmGwRuXPjVF4Er43TgayGm7Xx1y3WCo1ae1fAvBctLW,,,09-26 02:47,2,0,0,0,0,0,0,0,0,0
did:key:z6MkepktJ7maDMUTnJ5YwHtQ3F7gmJtPDyNme8d9QCCcTtaV,,,09-26 02:47,2,0,0,0,0,0,0,0,0,0
did:key:z6Mkeq1BhjYPXxYtgnBJn8achnsazwNXB8UsWRFKtqmHqRuX,,,09-26 02:47,2,0,0,0,0,0,0,0,0,0
did:key:z6Mkes16PSmG846urGkuPFrqx8rwwYbenC35Nud5aRCm2iTp,,,09-26 02:47,2,0,0,0,0,0,0,0,0,0
did:key:z6Mket5BVkKkpkFzSaX7bAbTT4DJr2M4NaqfWbJerhcgnPWp,,,09-26 02:47,2,0,0,0,0,0,0,0,0,0
did:key:z6MkexYTmUH4BetCcCLx65J6urYgPGp768kHWqNYvtTRMfXk,,,09-26 02:47,2,0,0,0,0,0,0,0,0,0
did:key:z6Mkexfxtw86aQy83F6h4txVsrJC63AXpiE321i2sb1ThoMx,,,09-26 02:47,2,0,0,0,0,0,0,0,0,0
did:key:z6Mkf1QdDeBKaepDQeDFHNGoVab4NGHz64j89s3T6aAvUqLG,,,09-26 02:47,2,0,0,0,0,0,0,0,0,0
did:key:z6Mkf6H8Xf6Suffgo5HoMCyGUGkqnaBtoWdGBTqLwaJQG3Jo,,,09-26 02:47,2,0,0,0,0,0,0,0,0,0
did:key:z6Mkf6kJhC5fFpcRhVakXooAU3an4gmhqb7CurYWeyV2gfVr,,,09-26 02:47,2,0,0,0,0,0,0,0,0,0
did:key:z6Mkf7Ko4UafnhTxsKdXhA6cgqo9wM9Q6PUthiEfxrRDb5WS,,,09-26 02:47,2,0,0,0,0,0,0,0,0,0
did:key:z6Mkf8E5ewynerdJLVcTCKaASDuVTCRpp8vJWwXHnaVXELpi,,,09-26 02:47,1,0,0,0,0,0,0,0,0,0
did:key:z6Mkp5ZDY4hbRLepGJpMMCt8KEShg37fNkVNgHpULEYxPTmB,,,09-26 03:55,1,0,0,0,0,0,0,0,0,0
did:key:z6Mkp7YZj5voRQ64ZMBYBzzNoqQ2hCG9D3yYbquM17QVhsfc,,,09-26 03:55,1,0,0,0,0,0,0,0,0,0
did:key:z6MkmxiyB2SYAPhpy4acU9hehRfUDTMby692rLMrDnP52rev,,,09-26 03:55,1,0,0,0,0,0,0,0,0,0
did:key:z6Mkp92UB1mZrd2ySSdjYtVVfGU8Dt3NPTi6xCBEAkziXQ66,,,09-26 03:55,1,0,0,0,0,0,0,0,0,0
did:key:z6MknsPvmQsgn7UBNx89SP9SeLkc5mCKRNkwmRadRxghWefz,,,09-26 03:55,1,0,0,0,0,0,0,0,0,0
did:key:z6MkgpqTPvW1CmqVUJx843tkiPBB8Gu3NS6oVg3XLCptR3Qr,,,09-26 03:55,1,0,0,0,0,0,0,0,0,0
did:key:z6Mkq2CDgbLH9nraQsFhXA2DHyFSfaj9iMkmJ1TZtArZkh9C,,,09-26 03:55,1,0,0,0,0,0,0,0,0,0
did:key:z6MkqiRJouupeQnFw7utsF5HWD6B8os2TP4fKoVu1E51MeUF,,,09-26 03:55,1,0,0,0,0,0,0,0,0,0
did:key:z6MknRZoZBDthqGN4e6ommyCJ9jbVsi4XoP9ErpTu7xKVmdE,,,09-26 03:55,1,0,0,0,0,0,0,0,0,0
did:key:z6MkuzrvPwGdmvkzusvydfaqbaJU2b4y4nFFX67nFwF8Pmvt,,,09-26 03:55,1,0,0,0,0,0,0,0,0,0
did:key:z6Mkw4YwcGkaaNmXyfzBih6hzWVK8VpbwuG25XwxU1nZds1j,,,09-26 03:55,1,0,0,0,0,0,0,0,0,0
did:key:z6MkqgkqFAJ3QMtoPzEdXXviMELDpBD1xtWDG95E3rtPNaZx,,,09-26 03:55,1,0,0,0,0,0,0,0,0,0
did:key:z6Mkn6KQuTh5jhxWa4aA7P3qywtDgtjG7pcARzaypb7y67v4,,,09-26 03:55,1,0,0,0,0,0,0,0,0,0
did:key:z6MkwLMTwiGe5vCwcd4hVbcbWHsyRs9M2y6Y7fyi2M9Wq8ux,,,09-26 03:55,1,0,0,0,0,0,0,0,0,0
did:key:z6MkrBdQNBQmNUeL9YHMVRLaSaZ15kfucFViBbBQnqMnujdU,,,09-26 03:55,1,0,0,0,0,0,0,0,0,0
did:key:z6MkhCxzGGoYeotVfQJ7Yq4WVgbZGvgL1mAabzGacJ5g4r9Z,,,09-26 03:55,1,0,0,0,0,0,0,0,0,0
did:key:z6MksGbXhCSCHYFdgsx1DLStaJkbibfJkBkpWZXL4isrFxUD,,,09-26 03:55,1,0,0,0,0,0,0,0,0,0
did:key:z6MkeqSEKTKhvLcCih29DpDhVE3yMkziBUvKZgmF5pKRmyJL,,,09-26 03:55,1,0,0,0,0,0,0,0,0,0
did:key:z6MktzFKzMn8usGftVpbtmyDiNrm3m7ChfUtBtL8uuZ2MkUG,,,09-26 03:55,1,0,0,0,0,0,0,0,0,0
did:key:z6MkfMDhWEmQPM5qGGtiPg4QxMtevx8XxdMSqb23BYreon4L,,,09-26 03:55,1,0,0,0,0,0,0,0,0,0
did:key:z6MknDSgHN1neGQgaK4nyoSUycKFPvbUdiRpPe4WdMdpwstq,,,09-26 03:55,1,0,0,0,0,0,0,0,0,0
did:key:z6MknUo7k4JsJU2yBgHVXTW4jHRG5DHGopD1At52uCrGx8eE,,,09-26 03:55,1,0,0,0,0,0,0,0,0,0
did:key:z6MkuwYZBhzZQ4XbbBXQYFigmMwAAz3Sunz5SeUiffWygjkm,,,09-26 03:55,1,0,0,0,0,0,0,0,0,0
did:key:z6MkijuvVqJy1nVNekhCnGN1ZUvE9Q9xuf9T498nM4VfdRQo,,,09-26 03:55,1,0,0,0,0,0,0,0,0,0
did:key:z6Mkermbxy7R5dZh6f2yuNmi7yXMxXpJr7wozthWdUY49WET,,,09-26 03:55,1,0,0,0,0,0,0,0,0,0
did:key:z6MkjYAEfUkY1LTw753qR9vvY4quVXRCxSknsUAE6gf8wnp1,,,09-26 05:00,25,5,0,0,0,2,0,0,1,1
did:key:z6MksDgGLB24MxvrqrNZv8DWdNYmzCKQhKzzeuBmwxYTAyRm,,,09-26 05:00,25,5,0,0,0,0,0,0,0,0
did:key:z6MkhZjPiKzgKwUfiPAHtbABGYjfysdceMKjSBsugUmZ6HRi,,,09-26 05:00,23,5,0,0,0,0,0,0,0,0
did:key:z6Mkhqyp73oYm7wCdLpthgFoVqScwNLZ9QccBi8BBAJq5gpb,,,09-26 05:00,23,5,0,0,0,0,0,0,0,0
did:key:z6Mkvk9QzJS6v2ZSooBVsLs82ho3ujBBqFQoTHp8tx2h69EV,,,09-26 05:00,22,5,0,0,0,1,0,0,1,1
did:key:z6MkoJVepN4D9YpJhq82RhzQXpvcQFdeG4xCKu19UPYaxf4L,,,09-26 05:00,10,2,0,0,0,0,0,0,0,0
did:key:z6MkfPHjUMAQfvbjKShFKsLGdW4PBvcQM78SMzEFqnCCEMVY,,,09-26 05:00,20,4,0,0,0,0,0,0,0,0
did:key:z6MkfoUyLt3kKuvLvVXkogFTPHZCEqHDvqfi36KisFux4eRM,,,09-26 05:00,20,4,0,0,0,0,0,0,0,0
did:key:z6MkfqHpvUmjnLUXbuhHxFrTUe2P81jzZHDtG8EN2GvZ824G,,,09-26 05:00,20,4,0,0,0,0,0,0,0,0
did:key:z6MkgPPxTKvzmhTPN8kATbVRnuPXZcaGvm4ZVb3fa4CAhqbk,,,09-26 05:00,20,4,0,0,0,0,0,0,0,0
did:key:z6MkhzD31tWxJgWzN72QphPKpdjEX9Zq9dHCRTh5m4sPQx5r,,,09-26 05:00,20,4,0,0,0,0,0,0,0,0
did:key:z6Mkj2QVLDgvgWRkTtH51RXXDDoVEKshM5SUzQJeZvF2cVNk,,,09-26 05:00,20,4,0,0,0,0,0,0,0,0
did:key:z6MkjJjAqdDcUMmvxBQGAhfNi8p15zvJ9c5D9p6LB9QN8vAN,,,09-26 05:00,20,4,0,0,0,0,0,0,0,0
did:key:z6MkjJmBK9Ps7JHHgut7kfCKC8dvWYV1jqfLozP8U6TWUJgz,,,09-26 05:00,20,4,0,0,0,0,0,0,0,0
did:key:z6MkjpsXFfP4MPTVYhGjhr1r35JKmwnyW1Gd99PRWQEThkTX,,,09-26 05:00,20,4,0,0,0,0,0,0,0,0
did:key:z6Mkk4URy1U9r6V2yjTabj5zNzgfVDY9SsfWoNq98aH4nzeS,,,09-26 05:00,20,4,0,0,0,0,0,0,0,0
did:key:z6MkoyUmTdzyNX9uJezVBGCnsGuSwdqaiqz4TjDmVoEABqgd,,,09-26 05:00,20,4,0,0,0,0,0,0,0,0
did:key:z6Mkp2YtkYvkzrxerdUb5QdxkHFWhm6Jg39jTEWucZK82kk7,,,09-26 05:00,20,4,0,0,0,0,0,0,0,0
did:key:z6MkpASGsDdjzQe6ShwZoLaydbE3fFK5nAERVYkkJcNw3QBQ,,,09-26 05:00,20,4,0,0,0,0,0,0,0,0
did:key:z6MkpJtcnb13FeZZEGs3dftFLCY1A79j3yYqUSbQXyN3i3i1,,,09-26 05:00,20,4,0,0,0,0,0,0,0,0
did:key:z6Mkq7J2HTBdSLQHzHfvSAmei2R5dMP9Ppo9VdRQNJ3Xp6Xd,,,09-26 05:00,20,4,0,0,0,0,0,0,0,0
did:key:z6MkqQBHwWFteLJef7kdeLq82cyCWiPcDiPtKMb6ZKshDTG6,,,09-26 05:00,20,4,0,0,0,0,0,0,0,0
did:key:z6MkqUPeghQhK4YRJoiWJbfhvSELfVLM5sbRbp4VeKNSVDbN,,,09-26 05:00,20,4,0,0,0,0,0,0,0,0
did:key:z6MkqWx7mGZXbfyN5mVPZn6etMv3V3BCdqWuYXVR3XYCfkgE,,,09-26 05:00,20,4,0,0,0,0,0,0,0,0
did:key:z6Mkqzd4juUX7n2Rxy88ZtEqjyy9UDmJSZ9oCG93hE21dTZZ,,,09-26 05:00,16,3,0,0,0,0,0,0,0,0
did:key:z6MkrFjeBzmCt4k6d6HBnman4jMTZuvzXsiN2wLem4iGSBXW,,,09-26 06:55,12,1,0,0,0,0,0,0,0,0
did:key:z6MkrVwPgwysN4jJeJoThaNdh65751L7NXeHbSLwmMZnbCbH,,,09-26 09:10,1,0,0,0,0,0,0,0,0,0
did:key:z6Mkrpq9j8H3vmjtRUa2Fx6BRyv89Ei4amcQjGjcMk2EB9NH,,,09-26 09:10,1,0,0,0,0,0,0,0,0,0
did:key:z6MkjyBG1Br9k8MFUXMmNzkYyH6h4JAe8hPv3oqWhdDT7tav,,,09-27 15:15,243,12,2,0,-6.38,183,1,7,0,0
did:key:z6Mkq38Zv4xKX2YEL9H4WcwpZMLBpXFAVHfUULVj74yPVaJh,,,09-27 15:15,90,12,0,0,0,19,0,0,0,0
did:key:z6MktvZPUUeoNsND7eMAD7Pgo4XuRHkESfQxDmoyTxemUdya,,,09-27 15:15,89,12,0,0,0,19,0,0,0,0
did:key:z6Mku5oaoNmFdy5SfADjRo1UqrDviSFS1gPBbGf11Z5kMe8P,,,09-27 15:15,287,17,2,0,-0.43,218,1,7,0,0
did:key:z6MkhRbUF57iNxHy1iv9bbmECNAsE7wFh3Ri1JT8rneFRWyZ,,,09-27 15:15,197,18,2,0,-6.38,136,1,7,0,0
did:key:z6MkiRARsLuem5t2EMLKELJrvNWAz8gD5qcbWNhhAxppBCLJ,,,09-27 15:15,197,13,1,0,0,158,0,7,0,0
did:key:z6MkpAGagUcqxJdq1vJecd3nwGVPgj5evxNR3QzKJUHQMR8m,,,09-27 15:15,52,14,0,0,0,0,0,0,0,0
did:key:z6MkuXfNpeX6uiDZ7SFHrBFCB14tXAaPndExUtroXvjNFRCe,,,09-27 15:15,52,14,0,0,0,0,0,0,0,0
did:key:z6MkejWn3DGLBHch2uYYjKyJpTAJ4syeMcHdTKLSKWG7jvXm,,,09-27 15:15,9,1,0,0,0,0,0,0,0,0
did:key:z6MkfbdXnaDdq4fX5JsqKMu6jnZho25GNaTFzNfg2qAQVmrn,,,09-27 15:15,9,1,0,0,0,0,0,0,0,0
did:key:z6MkffFp3CS2SBiE2Ey691eFjKkWrY8sEV4z98oFhRqN4w7x,,,09-27 15:15,9,1,0,0,0,0,0,0,0,0
did:key:z6MkgPithuyKY2RbuzHWZFmZ2a8rtvfxMxxMjtUefQcJ1sWk,,,09-27 15:15,6,1,0,0,0,0,0,0,0,0
did:key:z6MkhwirSPbP77DSqRYyFeHXhPvJGQ62BohfHayFHgfFXyAS,,,09-27 15:15,9,1,0,0,0,0,0,0,0,0
did:key:z6MkiATcJzXZzmAQrGq22a3XCcH8grgaZqQKruS8KtUHuxCr,,,09-27 15:15,6,1,0,0,0,0,0,0,0,0
did:key:z6MkkWjYPBPtyu544uZMzZkTDBYUFK2KuouRQgunuM3cpZmR,,,09-27 15:15,9,1,0,0,0,0,0,0,0,0
did:key:z6MkogeRnuKznsvaYYqeUphDupRcTBjujngbx5QAFJ6dfi1e,,,09-27 15:15,6,1,0,0,0,0,0,0,0,0
did:key:z6MkpKuLQsHKawnpgZnbetSiQ4KVWdKgLYs9o6g99rUJQN2V,,,09-27 15:15,9,1,0,0,0,0,0,0,0,0
did:key:z6Mkqusx5Qsu12gy38gNDHicpXppsvmZ23s4EELySjp9x8GS,,,09-27 15:15,6,1,0,0,0,0,0,0,0,0
did:key:z6MkqzEurw5u1oz2kTPeYX86peguQYYEPnsGWNYE7qKcsVn5,,,09-27 15:15,9,1,0,0,0,0,0,0,0,0
did:key:z6MksAMZMUsSKQvf8Mrybt5qqsx96BaJCqWgFwZ5eU3WAVRp,,,09-27 15:15,6,1,0,0,0,0,0,0,0,0
did:key:z6MksPE4ZmPabW2ePG2T5VL4SRt8J8qMxBpLEAiDnikEV53h,,,09-27 15:15,6,1,0,0,0,0,0,0,0,0
did:key:z6MktChbrERvf7KPpwCxBKLfDiYf5X31qZ5DAYQdhmEepF4f,,,09-27 15:15,6,1,0,0,0,0,0,0,0,0
did:key:z6MkvD67gEYrNQPHdiWEc7TBh6F3TXkqZWrvU5FTrKsvSKwY,,,09-27 15:15,9,1,0,0,0,0,0,0,0,0
did:key:z6MkwNnNcmt7E18gP6u7fJ3mPpHknjuSFUnzQgeMcAngPKrp,,,09-27 15:15,6,1,0,0,0,0,0,0,0,0
did:key:z6MkfGu3it6EQ8bs1dQ1zy1fimiD7MtLGg2gPD3Ac4P9LYzK,,,09-27 17:40,4,0,0,0,0,0,0,0,0,0
did:key:z6Mkhv9Bg9kk35CRgrJPDRvAefd9FYbFuyR1R9MuAcfgeRNb,,,09-28 03:30,3,0,0,0,0,0,0,0,0,0
did:key:z6MksCUU3UTTNW51HE4ew6YTT6wYfCeTduDAT2r4EYueRE21,,,09-28 03:30,3,0,0,0,0,0,0,0,0,0
did:key:z6MksYPAi4UScfMXRhCVAsKtEVnDEM2W5w8F3qNhfhpvJFoL,,,09-28 03:30,3,0,0,0,0,0,0,0,0,0
did:key:z6MkfcrvgEyig8GdEUf2ZdaYQfbT6LPHLuJwZyi4ygu5S7ez,,,09-28 03:30,3,0,0,0,0,0,0,0,0,0
did:key:z6MkpagdAy36K9un5zg8iFMVEVcr3QTBmcy5pg8TpYjh1QH7,,,09-28 03:30,3,0,0,0,0,0,0,0,0,0
did:key:z6MkwQVwub8vLtSwk5rnn9o7g5yP3RLbZoqi83skaoLPxUTa,,,09-28 03:30,3,0,0,0,0,0,0,0,0,0
did:key:z6MkgtBegzAEeszKXkcGUNkaL2zJ1HnKYzYSeo4SUBEcZTfy,,,09-28 03:30,3,0,0,0,0,0,0,0,0,0
did:key:z6MkvXFU4N3wEUarWSQHDRNFuieRDYJ9Kg4MdknaxnZrgDcN,,,09-28 04:55,10,3,0,0,0,0,0,0,0,0
did:key:z6MkebF8R8wyw7JNcWReBVnpTrWnhzjKTUkGF6f1SS6bLjbT,,,09-28 04:55,6,2,0,0,0,0,0,0,0,0
did:key:z6Mkith9sEH8kEmLsKSfUY36Hifq4YeWDw6wKYjRGSbNbJGH,,,09-28 04:55,6,2,0,0,0,0,0,0,0,0
did:key:z6MkjbNFmy2L854SA7hkMqMAP3cfX8u68ftoiNtpyA7xeY6W,,,09-28 04:55,8,2,0,0,0,0,0,0,0,0
did:key:z6MkoLsMb2cGWxAapoE3PsQenmZHC58LNACaPbo1B2MV4BT5,,,09-28 04:55,6,2,0,0,0,0,0,0,0,0
did:key:z6MkqorH3Y2bAapc9Xrev7xoJBVzQDR7Nk1GcNohcapUezYL,,,09-28 04:55,6,2,0,0,0,0,0,0,0,0
did:key:z6Mkr7NBNaTK8wxB4JJNiTsK45YNCvmNmb3z7v4u7x1RDTs8,,,09-28 04:55,6,2,0,0,0,0,0,0,0,0
did:key:z6Mkuu6zudrg6aDFsGHKeKPwvXea3DLeJbbmMAo9Qa3bYz7X,,,09-28 04:55,6,2,0,0,0,0,0,0,0,0
did:key:z6MkmaDamCaWFAmoJvix1EAWx9VSrJzbMdn4twfTjmKy7ZNx,,,09-28 05:15,1,0,0,0,0,0,0,0,0,0
did:key:z6MkhVJHqVd4vrovgoZTwAZc3ArxrWJPb4yNDGvMHT6tJoiL,,,09-28 05:20,2,1,0,0,0,0,0,0,0,0
did:key:z6MkiqfofUdzB7UNyFH2p1V8r1Y8ztXCaet9Yj29sf4KLwgu,,,09-28 05:20,2,1,0,0,0,0,0,0,0,0
did:key:z6Mkji7dK73k7tkMarhimzXNisBtbNhbJXtTRNKgaYzwwhJV,,,09-28 05:20,2,1,0,0,0,0,0,0,0,0
did:key:z6Mko11MJJ44azAeCstTJa9URUcnPYExnNEUrhi4sVESCATc,,,09-28 05:20,2,1,0,0,0,0,0,0,0,0
did:key:z6MktGrhPcirKkaYnnff9UEEBASDAnGkGnfXUJ7FxFyTghcP,,,09-28 05:20,2,1,0,0,0,0,0,0,0,0
did:key:z6MktWA6KTReSBd7ueLKy64EKE7mCQWVzqBrdLfqrptrmWZ3,,,09-28 05:20,4,1,0,0,0,0,0,0,0,0
did:key:z6Mkvag35eypfT1tSuUF4UYLfMrpjRDN9hZkeLkEobbmXCw3,,,09-28 05:20,2,1,0,0,0,0,0,0,0,0
did:key:z6Mkw7X5nNvCpJhCfHxMmLnRaQvtQrPp2aA4Yr2XRPZytvcz,,,09-28 05:20,5,2,0,0,0,0,0,0,0,0
did:key:z6Mkfsp6hckPuUgRWNjHDW5i3SrgqmDkXMjLqo5xRBpKikte,,,09-28 05:30,1,0,0,0,0,0,0,0,0,0
did:key:z6MkkntTFDNg48HrX9aK66QVqDDCgmjvXE5vSSmT68zVXvqw,,,09-28 05:30,1,0,0,0,0,0,0,0,0,0
did:key:z6Mkm4FwULCfgNzA2NDZYDWmZAL7xYetNFSveJJBvck39awe,,,09-28 05:30,1,0,0,0,0,0,0,0,0,0
did:key:z6MkmyLHTvR3Ymq1KKbhow8bX3EtXrtm56wudFh97CBqPAuM,,,09-28 05:30,23,3,0,0,0,6,0,0,0,0
did:key:z6Mkr2GtnLa2yDTWRVXyPysMq8r27LJRGTXzgJMEM1kfYmp9,,,09-28 05:30,1,0,0,0,0,0,0,0,0,0
did:key:z6MksrYGyS4XAHdSxREkVNzK6XNAWcT72TRQTcPexWe7uxXN,,,09-28 05:30,1,0,0,0,0,0,0,0,0,0
did:key:z6Mkt2cUjxTfsXbkh3huXSz8fYFHB2zeFAy1XgbGrmtkZUvw,,,09-28 05:30,23,3,0,0,0,6,0,0,0,0
did:key:z6Mkuhk2iM2phSFPWdPKVkkqeGXBW9pWPJyZoV85pmLnDFFb,,,09-28 05:30,1,0,0,0,0,0,0,0,0,0
did:key:z6MkekD9ouV79c5zieG3WvtanqCCpx2FGBYCvKVHYjaZf8qd,,,09-28 05:30,1,0,0,0,0,0,0,0,0,0
did:key:z6MkfgTUXUjtCdU58iUFZXocaqbSmUPaDk9Tob2pkGyFKRCF,,,09-28 05:30,1,0,0,0,0,0,0,0,0,0
did:key:z6MkfvFEkCXSJ8ECkHHGH7u28PGsbbPZwqZXV2WmQhRQaHbG,,,09-28 05:30,27,4,0,0,0,19,0,0,19,19
did:key:z6Mkggzf9DYKMCiLUYnZ2TqGyT5iHMGdTiBND855wXzDZQzT,,,09-28 05:30,23,3,0,0,0,17,0,0,17,17
did:key:z6Mkh76Xd4gAjzWW3c4fC8UVdBkrAbwdD8uNemx2WY4VGAj1,,,09-28 05:30,4,1,0,0,0,0,0,0,0,0
did:key:z6MkhzvFpiSyvTwMqCCeFUZG77BEMDPSPBRnfAAebWBTDdSA,,,09-28 05:30,27,4,0,0,0,19,0,0,19,19
did:key:z6MkiLhFsRAh3mxoKvdMLW47Wq3SYyWisWjLufBtjBiGp2ev,,,09-28 05:30,1,0,0,0,0,0,0,0,0,0
did:key:z6MkiiBSdRuYrigRhkwZfnkVeNUdFSLpfxWZWSdLMvHMxw3a,,,09-28 05:30,19,4,1,0,0,0,0,6,0,0
did:key:z6MkkWNkarxow5BTFzURvbBu61awbqc6EoRxK6qXavvT5VeX,,,09-28 05:30,1,0,0,0,0,0,0,0,0,0
did:key:z6MkfhqU7wcLgT1QUTNYW2PMX2knkzFSK5b8ik2dSsXciuvp,,,09-28 05:35,45,2,1,0,0.46,33,1,0,0,0
did:key:z6MkfpWuFFCfe9s7N9MMvriFaepePJQ8sbnGThWL2kBXd7bi,,,09-28 05:35,52,3,1,0,0.46,33,1,0,0,0
did:key:z6MkhLstptgqBxQ2bJHY6HCbBXcN2kUbtox9n91BT1eGmbsV,,,09-28 05:35,66,5,1,1,0.46,50,1,0,17,17
did:key:z6MkhnTuKBZJPXj2Set3wwgh9R3heHVywvi6g9NQK7q4wXKA,,,09-28 05:35,44,2,1,0,0.46,33,1,0,0,0
did:key:z6Mkhv256nrda1DQ2ZprjmKZaSYY2qPYT28P2E6g8Rb7jLLK,,,09-28 05:35,72,6,1,1,0.46,53,1,0,0,0
did:key:z6MkiVG3u7YMNntFpgWM52LBSw9L1bfNCAYANgn3idcrKaw3,,,09-28 05:35,53,3,1,0,0.46,33,1,0,0,0
did:key:z6Mkikc69bB8vVLZvXdGtgsYjsgRJ1MkZ9yQHJgcYU86JwZD,,,09-28 05:35,52,3,1,0,0.46,33,1,0,0,0
did:key:z6MkjGddkRtDALP7TRjAB6ZEJKFcWZiqYUUShxYitUzFxSaU,,,09-28 05:35,71,6,1,1,0.46,53,1,0,0,0
did:key:z6Mkjro32VJLSnnasHGF3g2on3nGNierRw6wf7myiQvvtaGw,,,09-28 05:35,44,2,1,0,0.46,33,1,0,0,0
did:key:z6MkkSciVy2Whv6k4iYwPM1mdBDAXsrWfhQnHkJnKoKNCPgP,,,09-28 05:35,52,3,1,0,0.46,33,1,0,0,0
did:key:z6MkmYw8p6iKqgFnz4125K2hpHY2g3scWhwEToGJoBk9u8tg,,,09-28 05:35,66,5,1,1,0.46,50,1,0,17,17
did:key:z6MknDvzeYhuz5RTUHn11TPUP9TucG9TbequrhGzFQFtngCs,,,09-28 05:35,50,3,1,0,0.46,33,1,0,0,0
did:key:z6MknRSQYBoXvgMDFxPsDRFci54dFiiq8iH99ewkjX2L83vQ,,,09-28 05:35,44,2,1,0,0.46,33,1,0,0,0
did:key:z6MknYWj79DeEXUsfJmS6q5NpnxKGaNq4JSvaxxUtjM1DTRW,,,09-28 05:35,44,2,1,0,0.46,33,1,0,0,0
did:key:z6MknsqXBsrha3t9ZWqcLw6KQx7RPErPAwemhgKzaVDW32yW,,,09-28 05:35,66,5,1,1,0.46,39,1,0,0,0
did:key:z6Mkp7ZJai2HaN4PGyMmBEfS8EzKb4N1E8GTeJRXP51cLoVv,,,09-28 05:35,42,2,1,0,0.5,30,1,0,0,0
did:key:z6MkpQgGHZZz7cB8kUjF2zS8uPj74qmYWNEW4qaTG4vc7TuK,,,09-28 05:35,45,3,1,0,0.5,30,1,0,0,0
did:key:z6MkhqdxU6yiLAG3egnKvXKr8CKbYpvfRTeQkRzgNbjCYLa4,,,09-28 05:40,43,2,1,0,0.46,32,1,0,0,0
did:key:z6MkjHAsyw3x6s6qLghue3uGNGmS4Xp618Hzbq4hwKwifWiy,,,09-28 05:40,43,2,1,0,0.46,32,1,0,0,0
did:key:z6MkpmE36ygo2WqxDwQUa9Qo4Xft5ooEXwJkWAfbX2aBSvjp,,,09-28 05:50,40,2,1,0,0.5,30,1,0,0,0
did:key:z6MkqYCCnZqgd6tp4rmdg2KN1GWgDaCNMRDWdJdvA6bFw2iY,,,09-28 05:50,40,2,1,0,0.5,30,1,0,0,0
did:key:z6Mkqxoe9eqgayUJA2RYEyawuxYSFqxLAs6UhE9hCqYM6G27,,,09-28 08:51,30,5,0,0,0,20,0,0,0,0
did:key:z6MkrQUDWwAnqXJJ3kfDLBE6uU7fHGyJG5vXfyeJs4CgKjkx,,,09-28 08:51,3,1,0,0,0,0,0,0,0,0
did:key:z6Mku67NxkSiN9LbDWraiDWX7BmPR3hjAzV9TxAEEuSKDSoG,,,09-28 09:06,3,1,0,0,0,0,0,0,0,0
did:key:z6MkeuhC9DzbVUHtAc5XPV3RDHELkcPfbFeQsodhZXHuepNE,,,09-28 09:11,2,1,0,0,0,0,0,0,0,0
did:key:z6Mki5rpRkwvQhFdXJ58F6vKghQZqnCdDTeaKZ6fxEnf4kC6,,,09-28 09:16,3,1,0,0,0,0,0,0,0,0
did:key:z6Mkej3iJfymdGcL4Hwp8su1C5aLUdt9Sgemn1KwhEbEQ55a,,,09-28 09:16,2,1,0,0,0,0,0,0,0,0
did:key:z6MkwTr9s46dp1jTQkeESqkN37YRJ5uxpSoWXVYND9p62AjS,,,09-28 09:16,2,1,0,0,0,0,0,0,0,0
did:key:z6MkhGbg6pc64X9XupSFRVRHbjgVdpChz1NxVXfHhrt5xmHW,,,09-28 09:16,26,3,1,0,0,0,0,14,0,0
did:key:z6MkeXStzSay2zLnbcPUW7w74esDtbqnAD11mE37SvabDcdL,,,09-28 09:16,1,0,0,0,0,0,0,0,0,0
did:key:z6MkpNQp5u6yDuvkPqRSx4V31ikio7czV7oGQQi5QT94VpuK,,,09-28 09:16,6,1,0,0,0,0,0,0,0,0
did:key:z6MkpeDbuAYF7rDvUcceGkGF8bC72yvzVAG1qAFkY2oTRqJw,,,09-28 09:16,10,1,0,0,0,0,0,0,0,0
did:key:z6MkqiRKcTp7FSwZD62J4CSnhiRapwmQxhJziwd5XzhcfnxG,,,09-28 09:16,6,1,0,0,0,0,0,0,0,0
did:key:z6Mkw56YqF7LwDa9G2vNqotqUQehu2Y4hea5QKCxMSQW5Ub5,,,09-28 09:16,8,2,0,0,0,0,0,0,0,0
did:key:z6MkhqADjQrQz9anrgiZ8dsTGx1v8KHyNmTh9DubvnXYEwKt,,,09-28 09:16,1,0,0,0,0,0,0,0,0,0
did:key:z6MkpDtEz9KthdVr7BNCvvgLhkZ5r7dQMSLYBWkj74PGQYMH,,,09-28 09:16,1,0,0,0,0,0,0,0,0,0
did:key:z6MkpnzA5Q76ZgqSMcnpyEEhFe6XLrtWjgvtXv1j4fKNJnN6,,,09-28 09:16,7,1,0,0,0,0,0,0,0,0
did:key:z6MkqeWN7uevC6gc6MKtBhMW1cVFkKQwiEWjaaCUGhgKnKpP,,,09-28 09:16,6,1,0,0,0,0,0,0,0,0
did:key:z6MkfE2YzzVJf6Gtf6iSJqb5PjCC7rxSLtU3DPx8oKccudcg,,,09-28 09:16,1,0,0,0,0,0,0,0,0,0
did:key:z6MkeXrorPbtzaU93RwedSE6TRyV5SnVw7vxatLHbp8vdJV1,,,09-28 09:16,1,0,0,0,0,0,0,0,0,0
did:key:z6MkvSGD7WbvTG5Vp6TGgWTUFsGbouMtQdjgQo5PBAi2ME7G,,,09-28 09:16,1,0,0,0,0,0,0,0,0,0
did:key:z6Mkh3xJ7b69x1jdMFSE4BPFGsf45PxsHK7KkbtbQDt2BX3T,,,09-28 09:16,2,0,0,0,0,0,0,0,0,0
did:key:z6Mkq9dMDTsNqJWZNEWF8aAH12c1BEcT6UJBGkjBdiCDFsmF,,,09-28 09:16,1,0,0,0,0,0,0,0,0,0
did:key:z6Mku8JwayAGPBwMxfKzrQB38G4ydcorRksPCgRXqgkgCZiq,,,09-28 09:16,6,1,0,0,0,0,0,0,0,0
did:key:z6MkerAZtkjEVYGQniNC9qKEodQNZP2j4un2wq1r43wBYxWA,,,09-28 09:21,3,1,0,0,0,0,0,0,0,0
did:key:z6MkfGo4xtgHLK63hd9FjbKLfPUkwHVV5CE1Q2P9pBEMpV8W,,,09-28 09:21,1,0,0,0,0,0,0,0,0,0
did:key:z6Mkmwfiw81rcU9GgxiMPsiVT3CG8RN8WKbYmDm3EW4FJ7tk,,,09-28 09:21,16,4,0,0,0,0,0,0,0,0
did:key:z6MkrZqj8NekSzTyhvJ2pbRHkUxX5nSjDBRxgdbHZmmGzLV3,,,09-28 09:21,1,0,0,0,0,0,0,0,0,0
did:key:z6MksTv68hQ9b61frqBT1PrVz23CRfJuPVoydADJjhvZrKdC,,,09-28 09:21,1,0,0,0,0,0,0,0,0,0
did:key:z6MkvssrEFGRqrYzjkUiDnKDj9i9kudV7MK9c8GwZiBmSh9g,,,09-28 09:21,12,3,0,0,0,0,0,0,0,0
did:key:z6MkifkuPt3n13Qg9j2W65F6X3mGztNZeKDQGve3vzuoSisX,,,09-28 09:21,8,1,0,0,0,0,0,0,0,0
did:key:z6Mkn5jWm2TRqhKcMW3hS9RAa3beuEoTFegXtCFPahND8REC,,,09-28 09:21,1,0,0,0,0,0,0,0,0,0
did:key:z6MknXCXLrwr6rWKQuKchaAWGyURbLTwYc6abjuM4pKqkdbM,,,09-28 09:21,1,0,0,0,0,0,0,0,0,0
did:key:z6MkqhoCKDiJ1tLgxpChzfL8bzBoy6hJYS6J7tUGtL4jvqGe,,,09-28 09:21,7,1,0,0,0,0,0,0,0,0
did:key:z6MkwR6YFJcakZrsxFxyNKa66aCzWAe5qMiWuWLWxv8WQdeo,,,09-28 09:21,1,0,0,0,0,0,0,0,0,0
did:key:z6MkghBRxQ8rZivdvfPyFGxBzyLyLzGcjva8kZvRAkWdTkNc,,,09-28 09:21,1,0,0,0,0,0,0,0,0,0
did:key:z6MkfEv1DaQFHEgJmm5SFJH17rLreDKR4ar9vrci6EZ7wjhi,,,09-28 09:21,1,0,0,0,0,0,0,0,0,0
did:key:z6Mkh5o6hLGgpWVnG1FCkEVpCLkz6KP5D91CKmM4hsKqwrXL,,,09-28 09:21,43,7,1,0,0,22,0,6,0,0
did:key:z6MkiBgP2xiqXuVknWeRd1sopNNVXvW4a9zJd5Uc1Vj9BG2N,,,09-28 09:21,10,1,0,0,0,0,0,0,0,0
did:key:z6MkeywYymRMbtaukXnqshA1MNMm6WqBcWNX2zMXjhbNx6XC,,,09-28 09:21,1,0,0,0,0,0,0,0,0,0
did:key:z6Mkeq2XQQzHUBH6CwSkPg6jJVrNz8TJcx8Hkvu6Z4ger7RN,,,09-28 09:21,1,0,0,0,0,0,0,0,0,0
did:key:z6MkjSefCj2CN335PyvfGBLhWfqYWK97EjCoNPoY5mVehbvC,,,09-28 09:26,18,3,1,0,-0.55,10,1,0,0,0
did:key:z6Mkhyj7zPsxs8ogJy5jRWRZ8SCc4qM897EjcViZvPdeGxP4,,,09-28 09:26,107,1,0,0,0,106,0,0,0,0
did:key:z6MkjQJymHxnBQ5VuPWBPjN2MWGeBGPU1bxCZf6FfMNfVa4M,,,09-28 09:26,26,1,0,0,0,25,0,0,0,0
did:key:z6MkpHe5BUDxHhWNrika5R5eoazhCaHfFkcFD2fUcTtLLoYT,,,09-28 09:26,26,1,0,0,0,25,0,0,0,0
did:key:z6MkwN7kQAden9NPP7JWU8jV2cQV8pnnbc1JkoowPwJCJ3YE,,,09-28 09:26,146,7,0,0,0,126,0,0,0,0
did:key:z6Mkp1Ggj1uG6H7fZu9ikoNRXZA6Fu6ks2yhweSydxGWfJnB,,,09-28 09:26,26,1,0,0,0,25,0,0,0,0
did:key:z6MkvCfJEv9H32qkeiEzf4MkVY8q5mDVHxezttrv7gpdSNFR,,,09-28 09:26,107,1,0,0,0,106,0,0,0,0
did:key:z6MkvQfNWa3gaGqqDMdAyzTB7XKAhx4ua3AyeLBv2h5te3wN,,,09-28 09:26,107,1,0,0,0,106,0,0,0,0
did:key:z6MkwK7d1ctNe5TZXtZjCpXB9r3VLbUTB2DYKsNbV9Xgs8iB,,,09-28 09:26,26,1,0,0,0,25,0,0,0,0
did:key:z6MkmZ4sudDgaxErBzrV23tpBc4XeYaZbAXCJeTk9cBGSczu,,,09-28 09:26,27,1,0,0,0,26,0,0,0,0
did:key:z6MkoHCHygryNbBK2s9yQeAwkcBEFnqnPWnEuV7SQpzm4m9o,,,09-28 09:26,107,1,0,0,0,106,0,0,0,0
did:key:z6MkuFLbQVavnCXBBsDAdSowctRtgDER4gfvnp2sT9keehgR,,,09-28 09:26,27,1,0,0,0,26,0,0,0,0
did:key:z6MkuhtkBwiYcrotMuf4gUj9HRxuzXatNWDUQ65ZmbDAGqAK,,,09-28 09:26,107,1,0,0,0,106,0,0,0,0
did:key:z6MkfCb1kXrfecgFWoqcabUityTiZR8qeV2rnPgjJMSoQoJD,,,09-28 09:26,1,0,0,0,0,0,0,0,0,0
did:key:z6Mkf9WyXcH5geEZXbuWZABcuSA9AZLfa6JZfgh8nGSBnCNW,,,09-28 09:26,1,0,0,0,0,0,0,0,0,0
did:key:z6MkodAbZBnULUPxtgn41ET8N6GugnBcsJPLPrRhoiN1PSus,,,09-28 09:26,109,8,3,0,49.81,83,2,4,0,0
did:key:z6MkgEnVYWzBD9TBK6xXS2cJxhjqNc8NyBP11kEyYv1MtK9u,,,09-28 09:26,1,0,0,0,0,0,0,0,0,0
did:key:z6MkoGhwoYEbW8sJ23sXYt6hMW3TWJAZrVE6DsjBMT7YxH2V,,,09-28 09:26,86,4,0,0,0,70,0,0,0,0
did:key:z6MkoZCjA7TJmU4gYgJPGDTsZyQRTjVN4fNdJ6jtYBfB8gJm,,,09-28 09:26,1,0,0,0,0,0,0,0,0,0
did:key:z6Mkro5Jrz3GsiYD7KtGrq5XRMHTDNQVhPwgTrigSjoFn3uM,,,09-28 09:31,19,1,0,0,0,18,0,0,0,0
did:key:z6MkfHHQrmvYAxms3RARnNenBNWhknCA6F5oa2TVD3zxXoZQ,,,09-28 09:31,28,1,0,0,0,27,0,0,0,0
did:key:z6MkgXDJzsJFVoiseqycdkYmyyiudH4GTCBDWsQj9BgbU7Pq,,,09-28 09:31,106,1,0,0,0,105,0,0,0,0
did:key:z6MkgpJ6muQxwX2A8AGpGgDChsQak3cnzDtcAp2VzSdRKtaG,,,09-28 09:31,106,1,0,0,0,105,0,0,0,0
did:key:z6MkgswJiapADyFa5QgbzjA4rEJMQAo33QVU4JDySog1ynxX,,,09-28 09:31,28,1,0,0,0,27,0,0,0,0
did:key:z6MkiJz4iA71ZV9t2Nnbeim77jtb3PKynSbzbuS8J7vjcwFt,,,09-28 09:31,28,1,0,0,0,27,0,0,0,0
did:key:z6Mkj7kQF8GjsAWcAi5xLDT4tA88YnJGDaed9ATw7ANsV3HF,,,09-28 09:31,112,4,0,0,0,97,0,0,0,0
did:key:z6MkpSvEKATx6J7pFKGPXiBCvr2BH11bdKV2cZ9XS8UPWcy5,,,09-28 09:36,27,1,0,0,0,26,0,0,0,0
did:key:z6MktQqz9u31KVHJFmxEjhWHvaU5fQ537HmRd9Es3mXqQwNH,,,09-28 09:36,133,7,2,0,46.33,111,1,4,0,0
did:key:z6MkoNLtayzKxyQxegty6PJXUjKcgd9ozSao3qL2CbQQbkd1,,,09-28 09:46,24,1,0,0,0,23,0,0,0,0
did:key:z6MkhioeMdHWJ9Y8vdYF6XpsSWVxDKWRKUpmVRTGYyhMZepV,,,09-28 09:51,22,2,0,0,0,19,0,0,0,0
did:key:z6MkwNgTaJRxDcn3rSpm8A44XdAFdecNT53HDRn4SxqtW8jC,,,09-28 10:46,88,5,1,0,0.46,71,1,0,0,0
did:key:z6MkwbYvzwcqWcyQKMSuuhKrgWRDu1p4oXtAsJzY9dFQHvQJ,,,09-28 11:36,87,5,1,0,0.46,71,1,0,0,0
did:key:z6MksS1mriAEhegAtvkjVQsx1SbZ2T1u2jLzKZ6zuo5kb4YV,,,09-28 11:41,80,1,0,0,0,79,0,0,0,0
did:key:z6MktEby3E3jb21aUoDbu7DXtTpGZyyEkq9Asup6sg4JFpTo,,,09-28 11:46,79,1,0,0,0,78,0,0,0,0
did:key:z6MkmpyfTwkYGSawNhVGCm3ACmvDybTcTtb9ReX3APEzV66Y,,,09-28 11:46,2,1,0,0,0,0,0,0,0,0
did:key:z6Mkr5Avn4gktiEDyKhDc3Re1FGoy1hVYhfEgwtUkhn9E8Ph,,,09-28 11:46,77,1,0,0,0,76,0,0,0,0
did:key:z6MkrcornHHh8TKduRQo6MuaXUtxzAdKcTwDsy1N5SHpuYgP,,,09-28 11:51,1,0,0,0,0,0,0,0,0,0
did:key:z6MktTFTjVbuiKUrueJXgoYcgdogQehpTWud9PYBZ8jCkiJH,,,09-28 11:51,76,1,0,0,0,75,0,0,0,0
did:key:z6MkeWPdMwZnhbrHCVspG6vg1CVUUyJqWKUcrvWyLfQ4hKPs,,,09-28 11:51,2,1,0,0,0,0,0,0,0,0
did:key:z6MkrA4RPauVL2hpz8KTNvuPimF2mhFDBUvJnVgtTUazyHFs,,,09-28 11:56,1,0,0,0,0,0,0,0,0,0
did:key:z6MktB6HAnhrPxUmFNvcmhwe3vJpBHHt4mcJWETWqmLFepq2,,,09-28 11:56,1,0,0,0,0,0,0,0,0,0
did:key:z6MkgJKsiN6P4mdS1gyusd5VTNbzBGqt82UeGh8pUjr1R8uG,,,09-28 12:01,79,4,0,0,0,66,0,0,0,0
did:key:z6MkkW7A31C6B6UpyGMuBLmGy5333NcH2KXHDDnm4MjaLHzG,,,09-28 12:01,74,1,0,0,0,73,0,0,0,0
did:key:z6Mknt7PoiKkdMe989cHb1QuVSQ7FZt74QNiTyfqkhUWG6Gb,,,09-28 12:31,66,1,0,0,0,63,0,0,0,0
did:key:z6Mkq2bWmKcTho1WXkjE51vnE7T7KmN1nHr2kK9qFvcadVWs,,,09-28 17:10,36,7,2,0,49.3,13,1,4,0,0
did:key:z6Mkfx2HhHrZHLjSMghXgqSvc6DTmPEQAYoaNafvCvGhzKS8,,,09-28 17:35,6,1,0,0,0,0,0,0,0,0
did:key:z6MkhxffSFtSDsG4aEdgcPQbirJnoJpD2PUmBCmsgKfP2RYf,,,09-28 17:35,6,1,0,0,0,0,0,0,0,0
did:key:z6Mksi4HJHewQVQbCPL9AYggRAzZX9baLShoUgYueFDdYXux,,,09-28 17:35,3,1,0,0,0,0,0,0,0,0
did:key:z6MkjV6W4oH9cUZGDZCDCLw7HH95vmnrgWwsin6rx9n9DYcD,,,09-28 17:35,6,1,0,0,0,0,0,0,0,0
did:key:z6MkqMYjwf1vF7nrXySoDeVmN8xQS57BY1hZUi8WMMNFosGu,,,09-28 17:40,5,1,0,0,0,0,0,0,0,0
did:key:z6MkfwSoBUiTafqoBpx6QAkKqAgnUNK1Jndko28qKGRPnGz8,,,09-28 17:50,3,1,0,0,0,0,0,0,0,0
did:key:z6MkhdtDm1fqQmWBSdhB8p27pqsXw1j7AVXx3w3eJw3MjcPR,,,09-28 18:10,52,10,3,0,0,12,0,19,0,0
did:key:z6Mkt9y1nC3Eq6VmHPMiDcndPAAfFwbwjCUmRPajaDEyHv26,,,09-28 18:10,10,2,0,0,0,0,0,0,0,0
did:key:z6MksrMQDDdCq4NMjtd4AyVGERxw77PCNNepygK5WEEUJYFg,,,09-28 18:20,2,1,0,0,0,0,0,0,0,0
did:key:z6MkpnekNnRNtyCmetsunNJ24RcBJZK6beR8nNgH3x5oA1xW,,,09-28 18:20,24,4,1,0,0,6,0,4,0,0
did:key:z6MkhaiJiWhenFddiC8CiD6QLfYeTpvEy4c8bdBjJSJspnad,,,09-28 18:20,2,1,0,0,0,0,0,0,0,0
did:key:z6MkhdUMun6JvHpyfdJkupEHM8T9S7hSFqwzVjTYP1szCxqY,,,09-28 18:20,9,4,0,0,0,0,0,0,0,0
did:key:z6MkiVD67fsmQvfuU5tmcSyRtY4CbPzQrz93ZmYXmUFfKjjD,,,09-28 18:20,6,3,0,0,0,0,0,0,0,0
did:key:z6MkuBgsMZL6C13H2jZQQBPLRJhGUCct7WYQGfUeHrhfiY8e,,,09-28 18:25,5,2,0,0,0,0,0,0,0,0
did:key:z6Mks3fUBs9MojufUpnujnUsCKjyTcFKRs7LHzBmLGHmT1pP,,,09-28 18:25,2,0,0,0,0,0,0,0,0,0
did:key:z6MkugJMz6xS4hS9ejsZyWHr8MEuHUkYDEbUoSWgEtfJuVm5,,,09-28 18:25,1,0,0,0,0,0,0,0,0,0
did:key:z6MksPRU2aYqeAKVgs7ZkvLn9MCzR6pQfaATpwfE1ocAbFUw,,,09-28 18:25,1,0,0,0,0,0,0,0,0,0
did:key:z6Mku9Kg2Z7QPeyYR3YhhVTJuS61GgaNvFZsBuVbPBres3i1,,,09-28 18:25,1,0,0,0,0,0,0,0,0,0
did:key:z6MktdwQREw2P7kzBx6HgcV6SnwN1DxayeVAxsp5qV5fL3Jm,,,09-28 18:25,1,0,0,0,0,0,0,0,0,0
did:key:z6MkfjPip4b5NCjVCDz4brS4FduRUGNCFzM5WSizQEzYsM5h,,,09-28 18:25,1,0,0,0,0,0,0,0,0,0
did:key:z6MkmoFF59zUqBTEmUobEzRcVhUauynmb6643sffPHx5qUf3,,,09-28 18:25,1,0,0,0,0,0,0,0,0,0
did:key:z6MkpinbTi6EttSad7V3pUyLiRL2igyMkwiLkkeHUvBndeEh,,,09-28 18:25,1,0,0,0,0,0,0,0,0,0
did:key:z6MkwNJboriJ8NapfHFK9oewwwHqN95rtAyBVjmw4rFFGbgb,,,09-28 18:25,1,0,0,0,0,0,0,0,0,0
did:key:z6MkmPbHaS5zRKpK4NwD3pBnHwTt5pasQmt54s39FdNNXzYE,,,09-28 18:25,1,0,0,0,0,0,0,0,0,0
did:key:z6MkfJDzRynRHqQFfT6W2cUXXKmgFXPBfvVdCae8UCrmFyYF,,,09-28 18:25,7,1,0,0,0,5,0,0,0,0
did:key:z6MkgSaYZN8EmNPAcLqSKHTJaCbpPbdW1p7yPGym3zSu3mwz,,,09-28 18:25,1,0,0,0,0,0,0,0,0,0
did:key:z6MkerCJ4ucQFZAZFhw1hVSRxFMSbQgjPJQxSg7hze67DwVM,,,09-28 18:25,1,0,0,0,0,0,0,0,0,0
did:key:z6Mkfq3ngiNEjTUGT8MiLqBP7eL5AcqZoH4seACY9DgAhnQb,,,09-28 18:25,1,0,0,0,0,0,0,0,0,0
did:key:z6MktaQCDQAG7BHWrkXSC7upCJA8KTYGbcvpXFuvt3q9zMc9,,,09-28 18:25,1,0,0,0,0,0,0,0,0,0
did:key:z6Mkf2whL9h9Fj6a9NLXYhCM94X4cPMU496GSZ2xQgtSueV2,,,09-28 18:25,1,0,0,0,0,0,0,0,0,0
did:key:z6MkwUz9YRoHS76QrXHp8g9bDNf7SmaWwGajmAmHDJFk5Eu8,,,09-28 18:25,1,0,0,0,0,0,0,0,0,0
did:key:z6MkfbjaV5s6p9AbcaEbAqjEmi3i4fdhfZX1bz7paA3ucXPp,,,09-28 18:25,1,0,0,0,0,0,0,0,0,0
did:key:z6MkkimrKgfr4xji4S8UhuiavismCcLerBvQSYxVDgVSkjnn,,,09-28 18:25,1,0,0,0,0,0,0,0,0,0
did:key:z6Mkjd25TewnyzPxgWdK9yD1ogUWSZC9nCmnBJG2RTybuBEE,,,09-28 18:25,1,0,0,0,0,0,0,0,0,0
did:key:z6MkhxtDQ9FTacQhM4hRgiovU9HdJtPWVoZKcUajqAEhTLAt,,,09-28 18:30,19,1,0,0,0,18,0,0,0,0
did:key:z6MkpRDeoB4CtaSCRyMXVucRdB8xJDpiw5nsAJmZNXnheoVQ,,,09-28 18:30,19,1,0,0,0,18,0,0,0,0
did:key:z6MkmcNL9r5nPc2GMQvLd7mzpraj4YGna5BiTU2LsFjcJF94,,,09-28 18:30,19,1,0,0,0,18,0,0,0,0
did:key:z6MkpA3dQjRh6r8dADPbj5QoVjzUgmfATr7tLjiKCdXMiTza,,,09-28 18:30,19,1,0,0,0,18,0,0,0,0
did:key:z6MkjUdE2mKw1BFwPKB3e9MJtqUbw5noqH8K41p25WWjqrHe,,,09-28 18:30,14,1,0,0,0,13,0,0,0,0
did:key:z6MktYdPrzMaLQ7sqXPQPQMuTqLTcv8Z4XtrbgzkLfkvB541,,,09-28 18:35,11,1,0,0,0,10,0,0,0,0
did:key:z6Mko31A51Y2rqDkAAN1csgVxfgq94tDb9XpGLooXoNeyWYr,,,09-28 18:35,11,1,0,0,0,10,0,0,0,0
did:key:z6Mki86qezgidWJV4SkEV1JuW1WoUFvf26Yv6LvXPcgWupkt,,,09-28 18:35,11,1,0,0,0,10,0,0,0,0
did:key:z6Mkj8E5NxiPyK6cwEJqCZweKrLg4AVG8V7QgaNtNWanUJ6C,,,09-28 18:35,10,1,0,0,0,0,0,0,0,0
did:key:z6MkqGAg9EQTaJXHXykqxcda6tBHu8VyYVa24HumnrCFGCWF,,,09-28 18:35,9,2,0,0,0,0,0,0,0,0
did:key:z6MkqfhYo8tHq2Ai3KcQf2x4B5ZDJuFBGEL9jvPZokApWnnk,,,09-28 18:35,9,2,0,0,0,0,0,0,0,0
did:key:z6MkmzD6yXHBaDMsgdaMoF3BuRXygW4Htdqxm3T1Z8MHHXdF,,,09-28 18:40,9,1,0,0,0,0,0,0,0,0
did:key:z6MkpdD2jMxYEhFaJNF2cTjV1p1VoquG6ycNCYm6RWE3PGcv,,,09-28 18:40,6,3,0,0,0,0,0,0,0,0
did:key:z6MkntEYuRGkWq4ruDwCrRRqYm52oQjeD9Hw1uyrSdTSGpKt,,,09-28 18:40,4,2,0,0,0,0,0,0,0,0
did:key:z6Mkn2Mn3GdfiM6WzGn65wSPKp9dn9tDs5R5DJyywn2ef4JY,,,09-28 18:45,6,2,0,0,0,0,0,0,0,0
did:key:z6MkevPGEgk2CfXhCHpf8ojQNJf2tW2iibi7Kd1igxXTSYud,,,09-28 18:45,1,0,0,0,0,0,0,0,0,0
did:key:z6MksGdtaCufx157XReMTGf4JrT5HEqMozmYd7WjgHtqwmQX,,,09-28 18:50,9,1,0,0,0,8,0,0,0,0
did:key:z6MkijUxZfJuDg2917DroggSwxAr5NetdHoAgXnVhoAWWeEZ,,,09-28 18:50,9,1,0,0,0,8,0,0,0,0
did:key:z6MkvALgTc75NZrwQBS1DWFtysK81qx2NWhce3JY3VXepqjo,,,09-28 18:50,9,1,0,0,0,8,0,0,0,0
did:key:z6MkwNRxBS4FgusJCEiKeDooHcqFn6uymd3ojs8Xy4tptRqB,,,09-28 18:50,8,1,0,0,0,0,0,0,0,0
did:key:z6MkfYGQSCEHgTqqSM1qSUspdJxqm1JcWRoa2XhhCQvpr96U,,,09-28 18:50,7,1,0,0,0,0,0,0,0,0
did:key:z6MknE2s3Vx5Hix5eBbQwkBSEToLxQHEtmkpZbk7p4umVZsC,,,09-28 18:55,14,1,0,0,0,13,0,0,0,0
did:key:z6MkrYe7wTsFboEJVvQWT4EAKBq8nM5ofE8GEKE4CDVKXmua,,,09-28 18:55,14,1,0,0,0,13,0,0,0,0
did:key:z6MkodYt5nUcWP4ChFQadfP9dYXx6yRZWLoirV2KSkaXMVSa,,,09-28 19:20,9,1,0,0,0,0,0,0,0,0
did:key:z6MksGVbHe1n7y8UGJWEb3ShDRcwH7a9WqUqKo1LDuJRbxte,,,09-28 19:20,9,1,0,0,0,0,0,0,0,0
did:key:z6MktwtY8iKGzHCUqD9GuikT7dQDMcjsGJ8B9NCtQ93LAJ9R,,,09-28 19:25,8,1,0,0,0,0,0,0,0,0
did:key:z6MkwKggwVLqGGAf4TRNYdPHXaoB5EApG97iohaidjjvbBSY,,,09-28 19:30,3,1,0,0,0,0,0,0,0,0
did:key:z6MkkrJSgnqjmaundGEh53CD9iS1CpvKuXxMuVoaExSxYeTm,,,09-28 19:55,2,1,0,0,0,0,0,0,0,0
did:key:z6Mksks63WCWHbkTBEtK7ntsQxLDVLjmsbxneKLF6rYoUihK,,,09-28 20:05,27,4,0,0,0,20,0,0,0,0
did:key:z6MkvjUhDq72Pqqv4vpofLqWigZC6qjQVsjMN9NGQQwh5RYM,,,09-28 20:05,26,4,0,0,0,12,0,0,0,0
did:key:z6MkemmY8tsy47qJ19ibP3VZwYXzhJg9HVjPXCzzoXZvcpb6,,,09-28 20:05,25,4,0,0,0,12,0,0,0,0
did:key:z6MktVUkTrWMrUxFRvSuwghZXjRL6uNKaw9h51JLr2FVC6e9,,,09-28 20:05,25,4,0,0,0,12,0,0,0,0
did:key:z6Mkng4whyJMarYG5D9WN5tSY2wFuh1G4eh3M1sD3tsqGvQH,,,09-28 20:05,48,5,2,0,-0.45,27,1,6,0,0
did:key:z6MksjDT99eGthLM8ij3QGcwyu7cve4e6gTmijyHmctmRT2V,,,09-28 20:05,44,5,1,0,0,26,0,6,0,0
did:key:z6Mkfsqkeepmokzu1qd8kPizN5cW5r1ryWDd8Y3ZZrTYSNHQ,,,09-28 20:30,9,1,0,0,0,8,0,0,0,0
did:key:z6MkkdsnHRYex9NZdZF2brEXi9qWJFGrVGeyXuoNtKNquA18,,,09-28 20:30,9,1,0,0,0,8,0,0,0,0
did:key:z6MkiB6YLuhA1rGs77eMzSVANfLygeXDDE7vbPNVr8MmgL3A,,,09-28 20:35,8,1,0,0,0,7,0,0,0,0
did:key:z6MkeaUqYfagdK45dHDFsRGioZsrD84XoTuFfrK9SrfBpGxN,,,09-28 20:35,8,1,0,0,0,7,0,0,0,0
did:key:z6MknZB451gpgRDFo7fwuM2v4M4g75NSmw6HMwqjeQKhTt6f,,,09-28 20:35,8,1,0,0,0,7,0,0,0,0
did:key:z6MkiBeqnj2x56nUYHCAe8BxEtCAM1VkxYv9pz9ChjgD8ouo,,,09-28 20:35,8,1,0,0,0,7,0,0,0,0
did:key:z6Mknjah1jZbLY8wy92SLGzhuXoiuuCeFAw53deGUMPUAr7g,,,09-28 20:35,8,1,0,0,0,7,0,0,0,0
did:key:z6MkfYGyFibd5QwX2b28oHiDGAaxnM14pwBc1r8TdXR3qaNq,,,09-28 20:35,7,1,0,0,0,6,0,0,0,0
did:key:z6MkfPXUbCVELSmYY3uSDwbxmPFwkYTLANyxMhVAwSJDb1y6,,,09-28 20:40,6,1,0,0,0,5,0,0,0,0
did:key:z6MkmyQB2qShSRhxsTLcFcEXSusTbb1iF1xn7pEHX3gouN8d,,,09-28 20:40,6,1,0,0,0,5,0,0,0,0
did:key:z6MkotaMT3KLPCAm9X8NLcn7GFYGi7Jy4fG3nhxxToeXoCNn,,,09-28 20:40,6,1,0,0,0,5,0,0,0,0
did:key:z6Mkss5DjaS91oVmUu32rDWpE96kVuUMWcgCmcLVJDKHeQrV,,,09-28 20:40,6,1,0,0,0,5,0,0,0,0
did:key:z6MkpP5dH3emTUV5fM1T5DtCsKWFiikqSTMpuCjU96gXFkmW,,,09-28 20:40,6,1,0,0,0,5,0,0,0,0
did:key:z6MkuzFfGFqPR7fyQjX5TQsHXLTh9B4xYb7hGNP5T6BndU5P,,,09-28 20:40,6,1,0,0,0,5,0,0,0,0
did:key:z6MkspsvjQfnNUPzGQC7gGifdbzSGQTKvVXDxnqpcYfJGSY4,,,09-28 20:40,6,1,0,0,0,5,0,0,0,0
did:key:z6MktXKS4T7jv87TwfFArAaKdBMT16q31ec6SV9XyqoHA33v,,,09-28 20:40,5,1,0,0,0,0,0,0,0,0
did:key:z6Mkr5ZUCWaDkPn2j4NHqqd656GVNVQ2Nn8ZLBUkGvRFzSH7,,,09-28 20:40,6,1,0,0,0,5,0,0,0,0
did:key:z6MkrS5zyuvRcPTAC5XPPN3vK9SNM186uwyDGJaredfGdYcb,,,09-28 20:40,4,1,0,0,0,0,0,0,0,0
did:key:z6MkfTJtarCaFWFZS6Y16yuT1eDoAjWvrtNpGCoPmRs8roHg,,,09-28 20:40,4,1,0,0,0,0,0,0,0,0
did:key:z6MkffvGLgxpweL9roPYJ6rHMPoBKHVQuEAHbxcXnViW33bv,,,09-28 20:40,4,1,0,0,0,0,0,0,0,0
did:key:z6MkmUS8YuhVuskVGhVQY7usL9BFp1iRwduAJBvpqp4G3qu6,,,09-28 20:40,4,1,0,0,0,0,0,0,0,0
did:key:z6MkqV8eotgb1p1bWhnP8tjeyPdcQwMf8tJWW7AsDNkfSCGm,,,09-28 20:40,3,1,0,0,0,0,0,0,0,0
did:key:z6MkfRphdv2sKzUxqHeYTjg9a9nhwPWipyis1UmTUdmaun5P,,,09-28 20:40,3,1,0,0,0,0,0,0,0,0
did:key:z6MkmyETVEdcaQfYkDqZz8hrmkJ6Ksq244wq4J4dd2wnrsT6,,,09-28 20:40,2,1,0,0,0,0,0,0,0,0
did:key:z6MkqSUskyqNkMxrupyLQpgoKozNevde73Kv4kxDzLtAzhRP,,,09-28 20:55,1,0,0,0,0,0,0,0,0,0
did:key:z6MkfAmQvitTi7NdzvYBCDELxU1Yj5e7MWzxEjZHcWVD5YWc,,,09-28 21:00,3,1,0,0,0,0,0,0,0,0
did:key:z6MkuaDVME8LS6MXCoUQRSkTS4dZiHn4kRKTVBeavzHMeTER,,,09-28 21:00,3,1,0,0,0,0,0,0,0,0
did:key:z6MkubniRbAHwvn7vGpmq33wuVkPxpbzBAZTFuqfeud44gNs,,,09-28 21:00,3,1,0,0,0,0,0,0,0,0
did:key:z6MkwZaMmWH3aoVDo61UCnoGtZ5YRBdGEUKWMqrGdcXSKF8q,,,09-28 21:05,2,1,0,0,0,0,0,0,0,0
did:key:z6MkroWknkHmcTvqzngtz5L1dQrVixGWW6NK8ZWrUbskf3ER,,,09-28 21:05,2,1,0,0,0,0,0,0,0,0
did:key:z6MkqpybHSmajrLD3BjrwMdbmvbiDxboZ5N4DjZxz59vDEVv,,,09-28 21:05,1,0,0,0,0,0,0,0,0,0
did:key:z6MktM5CCz9UpyAjscShkzatArkBWopnkWWHNbGtbKcNsZji,,,09-28 21:05,1,0,0,0,0,0,0,0,0,0
did:key:z6Mks1DoGJFJygMPMdabQ41zv5usPM3CaxiXtbqbaKkrh99x,,,09-28 21:10,1,0,0,0,0,0,0,0,0,0
did:key:z6Mkhn13PRSj8yDcp5NsRwgux181PSViAEc73eRygtgLqJ9G,,,09-28 21:10,1,0,0,0,0,0,0,0,0,0
did:key:z6MkgJ1dYyToF6rkNZakk58yqjFVnLP1VaistGjrqu8W1mZp,,,09-28 21:10,1,0,0,0,0,0,0,0,0,0
did:key:z6MkoBvQQvfzZu1YeurCvbJsnY3UQNxkQMDykiRo8ZEsTV4t,,,09-28 21:10,1,0,0,0,0,0,0,0,0,0
did:key:z6MkqUvkuiw9sbykxYghQXdQhiR3SzfQwGsADYqFjQnPPJw2,,,09-28 21:10,1,0,0,0,0,0,0,0,0,0
did:key:z6MkumS97YQB8tNHuRcV92ToiWxTP31GX6rmVrrjEz6STqAP,,,09-28 21:10,1,0,0,0,0,0,0,0,0,0
did:key:z6MkfdNPydMTSRUQPrhVL9c8ek9uYmZcXvyXbUz3omztWpRh,,,09-28 21:10,1,0,0,0,0,0,0,0,0,0
did:key:z6MkgHYq52JLSd58bn5dDBd68DxA91cxbHu7nT5ex4txRYBi,,,09-28 21:10,1,0,0,0,0,0,0,0,0,0
did:key:z6MkpUETAQbnpApfvMY7hShPVdTAD5khrSYANjcf9FBkj4ih,,,09-28 21:15,1,0,0,0,0,0,0,0,0,0
did:key:z6MkepUjC6ybLua221ayhd1t3GosfR84TLstkUqPRixuDbJ5,,,09-28 21:45,5,2,0,0,0,0,0,0,0,0
did:key:z6Mkn5pKYro4FPwB6LWBAK6NAXZ4Frq37gvYZRoAQrVmJQkd,,,09-28 21:45,3,1,0,0,0,0,0,0,0,0
did:key:z6Mkk7scimpndPbZFTCdxCi1Wy76uNzAXfrVz1GWi3f3xGyX,,,09-28 21:50,1,0,0,0,0,0,0,0,0,0
did:key:z6MkmRamGKFYMCJszHDBPRruiEFY3QRJyHyksNoirU69bwfg,,,09-28 21:50,1,0,0,0,0,0,0,0,0,0
did:key:z6Mko69EibeUxpZV3ffegXYuNyBQeAZYk2i5cPxsV4Pz3Jtv,,,09-28 21:50,1,0,0,0,0,0,0,0,0,0
did:key:z6MkpAN7CBQF2ea9K7Ged122MRx1QokBaKdyosLgXCfZZjm7,,,09-28 21:50,1,0,0,0,0,0,0,0,0,0
did:key:z6MksAJZci5WeFFknmvfZAWBxd3YuKa6aVK9HxeLzwiNHvgo,,,09-28 21:50,1,0,0,0,0,0,0,0,0,0
did:key:z6MkutekssMyy5jWY97cKaLs4VwZ8kfRSVHv99FqCJTc4Mvv,,,09-28 21:50,1,0,0,0,0,0,0,0,0,0
did:key:z6MkgG4QaEs3c3mnRoWrda74sdXmQkfo6VP1KjjRPTXrDgA7,,,09-28 21:50,1,0,0,0,0,0,0,0,0,0
did:key:z6MkfXNtKyRpgyum1E4gH1vDEeiHzL9sFZwecwkBVL7ME8ef,,,09-28 21:50,1,0,0,0,0,0,0,0,0,0
did:key:z6Mki2W2U873hUoQmvH5ZMVKkhLv8jbW2tHHS2fSeiyjr8Hx,,,09-28 21:50,1,0,0,0,0,0,0,0,0,0
did:key:z6MkwYnhq6BZSYUxqHK3G4W45cGJXqxBQUk9LeWy8uHeBKU7,,,09-28 21:50,1,0,0,0,0,0,0,0,0,0
did:key:z6MkfxZ9UbGj2MHb7sSVzmnYGLCZ2kRaBuAWjQvx6uNz9xjB,,,09-28 21:50,1,0,0,0,0,0,0,0,0,0
did:key:z6Mkp2XPmTsoSeKJ5TfDp5UCwLT69y4AkJvrPo6sVQU7ez8P,,,09-28 21:50,8,3,1,0,0,0,0,4,0,0
did:key:z6MkmMq54rV8311UCyqw71wHDKzqCkfxG5gfgohkjRZ2ept3,,,09-28 21:55,8,2,1,0,0,0,0,4,0,0
did:key:z6Mkv9ENVGoVB69M3RDJt8dCeQandDogmM7JYqGSGopBTUfa,,,09-28 22:00,6,2,0,0,0,0,0,0,0,0
did:key:z6Mkhg9VSjM1EzZS5VQAfDgzDwuJTf8sHWWE8FXvKbmEDp4S,,,09-28 22:00,6,2,0,0,0,0,0,0,0,0
did:key:z6Mkf26Ldyk3YK22DXKmhGgspgzhwowE1pyLBScTFpmqNFCu,,,09-28 22:00,6,2,0,0,0,0,0,0,0,0
did:key:z6Mkgrx4soKRxnizMNiE72wZgZtpanexeuKRJcVKtPDP82xN,,,09-28 22:00,6,2,0,0,0,0,0,0,0,0
did:key:z6Mkt6TYi8NfKpmrtDTUAH6BwiyTzs7rBqpegTSrQyb5H2a9,,,09-28 22:00,5,1,0,0,0,0,0,0,0,0
did:key:z6MkoawzKYxksUyTB1ZA5eRtsTtHU45sUQaATNocTHRoEJe2,,,09-28 22:00,4,1,0,0,0,0,0,0,0,0
did:key:z6Mkj4o7HuUaZWBHr5uhzah2hey7fJKFqeg9mDqzgMr8jRCS,,,09-28 22:00,3,1,0,0,0,0,0,0,0,0
did:key:z6Mkibi79sWb2aPgSdNBA58dGgrY3FxKXHpQjX7uKiEFSGss,,,09-28 22:00,2,0,0,0,0,0,0,0,0,0
did:key:z6MkqpprYWCyZAuUEZFnM5513V3L64E9UoZ2dGVvn6kmEFFv,,,09-28 22:00,1,0,0,0,0,0,0,0,0,0
did:key:z6Mkp9UsFXDnUQ1f7YwE33yGRHNPJxBKKt57ws85RLHtDDXQ,,,09-28 22:00,5,1,0,0,0,0,0,0,0,0
did:key:z6MkgdsCff1cuuMYUQdQ1J3CnCv5EvXUmqKb9TY4xuVhup8U,,,09-28 22:00,1,0,0,0,0,0,0,0,0,0
did:key:z6MkuXnaVxgWzZBa5PFdkB7eWSbtSCJZ6aQ3o9c7U8bDoy5F,,,09-28 22:10,3,1,0,0,0,0,0,0,0,0
did:key:z6MkuBQkmHz8YahVAZtVCyCbaURzAefWp2sCLTasbYjtytvY,,,09-28 22:10,3,1,0,0,0,0,0,0,0,0
did:key:z6MkiiFk6oXHaGP9sb8H6PzEwmyWG6pfhGhRZYwLM12tga3D,,,09-28 22:10,3,1,0,0,0,0,0,0,0,0
did:key:z6MkfPLcTg1CiXySreRRSGFAZLU5LoyndS8AMKnpEoVvjdh6,,,09-28 22:10,1,0,0,0,0,0,0,0,0,0
did:key:z6MkkPSCEUaSbi33w69e6QkimrAq8ALd5Jr5EBbbS619RxWM,,,09-28 22:10,2,1,0,0,0,0,0,0,0,0
did:key:z6MknRz3KaMZh3cCdSmBJ1Jy6aYWy3AvTsBguxV1Jt3s7VMt,,,09-28 22:10,2,1,0,0,0,0,0,0,0,0
did:key:z6Mkr9qSbn2wnrYrkRA5Jj1gjXC1DsWnzhxEEMYtwrcaky6G,,,09-28 22:10,2,1,0,0,0,0,0,0,0,0
did:key:z6MkkXe3k3TCDzcEtLGeGJ4HYNY7uD4UkYrHt1hkdhHsCn6v,,,09-28 22:10,2,1,0,0,0,0,0,0,0,0
did:key:z6Mkq2rqvNSACgLU83RFPTisEbDFjs1KhFfkg1D4ahR8aLiV,,,09-28 22:25,2,1,0,0,0,0,0,0,0,0
did:key:z6Mkhq917QzVNNqcqoms4BaNKGkiNVrinsLMVwhDbYLUYv5f,,,09-28 22:25,2,1,0,0,0,0,0,0,0,0
did:key:z6MktCQk3TFnJ8x64d5N2kmBk15pLSp7svXfvZPqTKEpUi57,,,09-28 22:30,1,0,0,0,0,0,0,0,0,0
did:key:z6MknfZcpN12krAx9y6qNE6ioukf6aVPNGsnY9yecgnyLVwY,,,09-28 22:30,1,0,0,0,0,0,0,0,0,0
did:key:z6MkhaxEXdixrEviDbKxepbaHnhmtxaJ7D3LCtiGfJw9CLos,,,09-28 22:30,1,0,0,0,0,0,0,0,0,0
did:key:z6Mkj5FLpKeee7CM71kUf9UrX583oniWpHLgM4qBBz1yHC8Z,,,09-28 22:35,5,1,0,0,0,0,0,0,0,0
did:key:z6MkjgMn3X3sUfVTMjEoWt975VMnUpJnm73nCp4GzpnEhpSa,,,09-28 22:35,35,4,1,1,-56.92,21,1,0,0,0
did:key:z6MkjYJbZdkeKa3Mdq7eAckG2wpQah1qQdUpcVEsopxfTXuC,,,09-28 22:35,45,4,3,1,-101.97,32,1,10,0,0
did:key:z6MkmFPqvtgJf7AnwAcZoUxLdgRvWMY1Spu5P2kxta1KDrXB,,,09-28 22:40,3,1,0,0,0,0,0,0,0,0
did:key:z6Mkfsu6VW7Qx4NjYgsAUzjWZ7a6CoCaFn75X4z3vw4SeUdu,,,09-28 22:55,42,5,2,1,-0.83,27,2,0,0,0
did:key:z6Mkh5aUD8qexPTEgPox7K9x8Anxosd1fW5tUrtipahjuTvS,,,09-28 23:00,42,4,2,1,-48.62,29,2,0,0,0
did:key:z6MkfvKLFgGfiq7Q3UhDCNK8iJjiYDu7syob2jAy1UmuTHne,,,09-28 23:10,39,5,2,1,-24.4,25,2,0,0,0
did:key:z6MkvseGpKnee3fJU3Ah5v2qgx5biz6jrwgmt98MdRLt3C6u,,,09-28 23:10,19,3,0,0,0,0,0,0,0,0
did:key:z6MknYBUNfoiPUAJ91fPL4PanbPT7GVStRXR4g1GFTVgqcpr,,,09-28 23:10,18,2,0,0,0,12,0,0,0,0
did:key:z6Mkv1gDuzfxy7fHAkDcRQjTBVaRpLSvnUbPZE5QrSz1V49S,,,09-28 23:10,18,2,0,0,0,12,0,0,0,0
did:key:z6MkmoDXMNUcjtjuWHjyFtAnEnKELLAhFxARTq7iQ8LcRkik,,,09-28 23:10,31,3,0,0,0,22,0,0,0,0
did:key:z6Mkm3f74AHNQoWuXimjjQRjpJLRVVTGE86XB94aqSQkjmeR,,,09-28 23:10,32,3,0,0,0,20,0,0,0,0
did:key:z6MkwaWCz752aW9JgC2pmX9FNZ6TqF9Kt8otdNXWuyNYZER7,,,09-28 23:10,18,2,0,0,0,12,0,0,0,0
did:key:z6Mki27NAme1mJCb9mg3kzPEsoFA4Gv8katvcg6vemdmQpcW,,,09-28 23:10,31,3,0,0,0,12,0,0,0,0
did:key:z6Mku2uka5P5uHwYxCiFyvdKQcHZr8bemub3S97f4sqd1SVe,,,09-28 23:10,17,2,0,0,0,10,0,0,0,0
did:key:z6MkoV3aJAQN6fArKJwqLwSXePQxkDVhY4hBBP8XjBWCscvA,,,09-28 23:10,17,2,0,0,0,10,0,0,0,0
did:key:z6MkevZtA2fsFQ47yCoo8ACReG5ob9yLfSXQ46bRuac2Tk4r,,,09-28 23:20,15,2,0,0,0,10,0,0,0,0
did:key:z6Mkr94QcmToJQ72CyMkpYLViv9QtTcPeJPAkMT2kYEP5Cab,,,09-28 23:20,14,2,0,0,0,10,0,0,0,0
did:key:z6Mkm7mJgakuX821AhrVHEirhH9zrC8reFdzCpW6hAwD7Y6w,,,09-28 23:20,12,1,0,0,0,10,0,0,0,0
did:key:z6MkfrAG9GSBXBvGeKwZk85fR6DXG9gtkqKVyPh41ipawD4S,,,09-28 23:20,61,6,1,0,0.57,43,1,0,0,0
did:key:z6MksRie4jzehGWx8MhFEkRthF6hYfzi94Y1jaArssq9RjyQ,,,09-28 23:20,29,2,0,0,0,23,0,0,23,23
did:key:z6MkqNMvPahwki78Ts3g9azQEz6m4q31QKR7UepKq5VTthkP,,,09-28 23:25,9,1,0,0,0,0,0,0,0,0
did:key:z6Mkth5DmjKQ7gfW2q3j3G81fmPwVZG3FtpCRdzt8KwQJyxE,,,09-28 23:45,20,3,0,0,0,10,0,0,0,0
did:key:z6MkvdQw1UqLxtBir3HxAZS6QVUtRbwt4wymXHWGJguka2Lf,,,09-28 23:50,6,1,0,0,0,0,0,0,0,0
did:key:z6MkiZHVEXrfZeG4iTGPfdv8Hhfb5kNSqqcoDgJWYC8hGNRu,,,09-28 23:50,5,1,0,0,0,0,0,0,0,0
did:key:z6Mknex76NfGQJi6qsXCh9FNBWzmYbPhGqJgtG9c5djCnU6Z,,,09-28 23:50,6,1,0,0,0,0,0,0,0,0
did:key:z6MknB1g3kJvXzkvQGtwgsLHnijA37C8VrMme4L7ZYj31mv4,,,09-28 23:55,18,2,0,0,0,10,0,0,0,0
did:key:z6MkwCE8x6R7WrdDGY4yPLKkYc7q5bRpvvMwi6qGKkT6qKYN,,,09-29 00:05,2,1,0,0,0,0,0,0,0,0
did:key:z6Mkw8c4gZEuoy2XefTAhqBPLSY9yxLUNeHCJvneweQa6EMt,,,09-29 00:05,2,1,0,0,0,0,0,0,0,0
did:key:z6MkgUWzNstQtAXeu3TDe8K6UnEzqC6EfVKncevqT4at1yzC,,,09-29 00:10,1,0,0,0,0,0,0,0,0,0
did:key:z6MknmMd5Gem5q8ry7t7wo4nkm6Fzq5Bnf2NTEQJjVRft9QH,,,09-29 00:15,21,2,0,0,0,10,0,0,0,0
did:key:z6MkhKkwddkKnrSLNZ4TK5J6p7F2Rjv42hmFy2VCyTsahXMo,,,09-29 00:15,21,2,0,0,0,10,0,0,0,0
did:key:z6MkiuLpJW47w7hsq71vLoSVSfTcwJxiLddWS6q8rNEXgwrG,,,09-29 00:15,20,2,0,0,0,10,0,0,0,0
did:key:z6MktQxDqrxquQT4rykUMP4bKzqTXzccx2QAKPxLmwNvCG3R,,,09-29 00:15,8,2,0,0,0,0,0,0,0,0
did:key:z6MkwVduMhvHG8R9CfePyBTJK9nXRFg11biiuS4NszUdkK14,,,09-29 00:15,20,3,0,0,0,0,0,0,0,0
did:key:z6MkoWqdNUuyFBdxVxn1SsJaWTqvxuMucMN7sNdJY9yyZjYK,,,09-29 00:15,12,3,0,0,0,0,0,0,0,0
did:key:z6MkhCHbSmyALWPoVqe7op4RhtxuQyTFMkJHLMvg222VApER,,,09-29 00:15,18,3,0,0,0,0,0,0,0,0
did:key:z6MkvJfZM67zoh7xFzB9eiEvgQB67emS32M9b8pVB4x9gdPQ,,,09-29 00:15,15,2,0,0,0,9,0,0,0,0
did:key:z6Mkgdf9nnUCWA79ZxWGrbZ5U3nqaQCQGGr86oy4cXujX1V1,,,09-29 00:15,6,2,0,0,0,0,0,0,0,0
did:key:z6MknEb3RknPw2H1dDN1vAYtK7tpHTmpE6vyyK9V7367Cfrb,,,09-29 00:15,6,2,0,0,0,0,0,0,0,0
did:key:z6MkuYcfZBydtDNMKmJb7vSVzdtcyKXKNy4wNhjeUmxsdRnF,,,09-29 00:15,6,2,0,0,0,0,0,0,0,0
did:key:z6MkpVsNKE2KJNj18Hvjb7W8JX2VXQCSaHwzYzyPuktvsebu,,,09-29 00:15,3,1,0,0,0,0,0,0,0,0
did:key:z6MkrQXCpHWWUkwjSpn8B1Egqjf14K9wKmMeQefkX38Go8TV,,,09-29 00:20,12,2,0,0,0,0,0,0,0,0
did:key:z6MkrTZGdPDTuNv5aL1MaSDykn9VSfRpwQEXJuAuK4nue9Kt,,,09-29 00:30,10,2,0,0,0,0,0,0,0,0
did:key:z6MkrYRrqxtm3KELyT1GbRy1xsj7PoLj4xFTXNtSchwTxTD1,,,09-29 00:30,7,1,0,0,0,0,0,0,0,0
did:key:z6MkrbfhfvLVjxNPRSo2vu4neC484BPhkdtitzATtz67yG8p,,,09-29 00:30,5,1,0,0,0,0,0,0,0,0
did:key:z6MkreuVu3WR3iSp5TYEgnf4hsbURh1y85EHAYF1sfPt9YES,,,09-29 00:30,138,9,0,0,0,110,0,0,0,0
did:key:z6MkrgNzQ8tGymAW7UjoGhWhYG6taNUvyUr5iCRdPHnCR6up,,,09-29 01:30,4,1,0,0,0,0,0,0,0,0
did:key:z6MkrgZSZc6X5dVHyqidg23tJ32fv2CSyhj2sdYZd8xnkAFC,,,09-29 01:30,4,1,0,0,0,0,0,0,0,0
did:key:z6MkrhY9iqpvzhyYvKjft75VusUTVrBwV92A7daHGSy9tTJw,,,09-29 01:30,3,1,0,0,0,0,0,0,0,0
did:key:z6MkrmdzdoNGNKLwCda4nbJghnJrND42XP6ZaoGQFsdFUF1t,,,09-29 01:30,2,1,0,0,0,0,0,0,0,0
did:key:z6Mkrn4zXLHfZZGSx5LVHKaofPcYytGKN7dwAWekPTPXG578,,,09-29 01:30,2,1,0,0,0,0,0,0,0,0
did:key:z6Mkrvjx7t8agtHPepLM5xaUsffrVobfYv3pxW58ZBTZMMZv,,,09-29 01:40,98,10,0,0,0,62,0,0,0,0
did:key:z6Mkrzr4KDiwVZrHe231xcWrMWfQ3yVjU5LiPMnyDdzPiLip,,,09-29 01:40,98,10,0,0,0,62,0,0,0,0
did:key:z6MkrzxPiWCsPKNPbjJVujeivrW5gPFocTLThCrdZnbRUopu,,,09-29 01:40,98,10,0,0,0,62,0,0,0,0
did:key:z6Mks1CjZRNyxvd9xsfhZM1cy4BTzRw7kPWNz8nWVs8sjYpU,,,09-29 01:40,98,10,0,0,0,62,0,0,0,0
did:key:z6Mks3JrbKNF9eUU1McEKPBWqtZtFnuMV2Bk4RbWnf8sn7Yp,,,09-29 01:40,441,20,2,1,-53.61,366,2,0,0,0
did:key:z6Mks44biH2Dq6vD8NoZf4X3fYtKVvFCmaDfqXtGvbFz4ETv,,,09-29 01:40,98,10,0,0,0,62,0,0,0,0
did:key:z6Mks7V79ayDVXAZf3Tagmwx8Yx1w5y9rNvFyMUXiCRnpJ8m,,,09-29 01:40,98,10,0,0,0,62,0,0,0,0
did:key:z6Mks7Yfk53eC8TCXvdp74X7CkcJfUzW7dG2baB1HbC5m24G,,,09-29 01:40,98,10,0,0,0,62,0,0,0,0
did:key:z6Mks7qqmYDLg5uqF4qcnnba4dWRt3ysTHMWBkaFZ28yaFRi,,,09-29 01:40,98,10,0,0,0,62,0,0,0,0
did:key:z6Mks8h8EfdKikbYHxi5FqyRsc6qajmLFn2JDJkXMzveytGo,,,09-29 01:40,98,10,0,0,0,62,0,0,0,0
did:key:z6MksAUDaCh1ijt9FaP5ADQ76jcwe2dUv4stRmhGBiB5EiZA,,,09-29 01:45,97,10,0,0,0,62,0,0,0,0
did:key:z6MksHvqpsyG56EdTdjU26JH33Y4BD8J9qqwgpWqQ2CDrmrC,,,09-29 01:50,169,18,0,0,0,142,0,0,115,115
did:key:z6MksKUvALjr2k73U3egJdpYp27pHY9oHHDpEEf4MwBCqcEk,,,09-29 01:50,168,18,0,0,0,142,0,0,115,115
did:key:z6MksNKShFHH5HFYzuCciBAyzGpEgS23pcDhKK2yTRYUUaoE,,,09-29 01:50,924,33,4,1,-53.04,829,3,10,43,43
did:key:z6MkrvbdX7iZeKZBPLiFCezaYXBNXzzSHZm9wkKzC48w2n1G,,,09-29 01:50,95,10,0,0,0,62,0,0,0,0
did:key:z6MkrwtKfAZtBEgnW9PfUgH4qxfbW3KVja6GmKctnwRYtLbX,,,09-29 01:50,95,10,0,0,0,62,0,0,0,0
did:key:z6Mkrxs4f8Jh4jfAyaQYXZNQUuXB8DzP9dspWz5TNwjkLavL,,,09-29 01:50,95,10,0,0,0,62,0,0,0,0
did:key:z6Mkrym6swZVupDxJgqY9AM6Q1CQK8m4zcxdPh8oWvc5kiVs,,,09-29 01:50,95,10,0,0,0,62,0,0,0,0
did:key:z6MkrzqbXFaJpjwVqtGDgpesvqZUXAcyq9Nqgz7gzhYAyi4V,,,09-29 01:50,94,11,0,0,0,60,0,0,0,0
did:key:z6Mks1vXP3iC47BydBELYVXVz8efu8i2UmijmNtFyb8hDWrF,,,09-29 01:50,91,13,0,0,0,52,0,0,0,0
did:key:z6MkfH4JKd6e7NbkzGWc7cPQwZqRQd4JXvNPbwrPoHdGRdqX,,,09-29 02:10,2,0,0,0,0,0,0,0,0,0
did:key:z6Mks2t8Ft8bRSDZgG6ZxJF4d9nZPe5i8Ln68baHMzH94y2t,,,09-29 02:15,153,15,0,0,0,109,0,0,0,0
did:key:z6Mks2xsbwAXRB8BaSuCFuA1B366hLogzLvW2AHgUvTDYGB4,,,09-29 02:15,152,15,0,0,0,103,0,0,0,0
did:key:z6Mks4FrNt8my8941bk2tgJQJoxLDHxviMuVagpuZEfnFdFB,,,09-29 02:15,83,11,0,0,0,45,0,0,0,0
did:key:z6Mks5LqHnpTxo7G4Q76FCZ4TzffwcU6G39S4bXSa65ndJ4e,,,09-29 02:15,82,11,0,0,0,45,0,0,0,0
did:key:z6Mkk6CiVt4fkz7FHmKWUZgeK9tN1iPxLtWLAyX8dN6UQhAF,,,09-29 03:00,4,0,0,0,0,0,0,0,0,0
did:key:z6Mkfycb5r2NUWTv1M3iU7xQW9zUK95SGv4w71myLp6t1JTo,,,09-29 04:10,2,1,0,0,0,0,0,0,0,0
did:key:z6Mks7e1V5pZMP5zXVNTZtWntfMUooxNLEojhknZH9N7ny18,,,09-29 04:45,63,9,0,0,0,32,0,0,0,0
did:key:z6Mks7enVRoKsvoZcC3YiR4sP1LeG4qnpY4P5zw5eBjWZo3L,,,09-29 04:45,63,9,0,0,0,32,0,0,0,0
did:key:z6Mks8zjPSkAWNaiAjrFxANCzXsrzGD4dHcsfKkVdN3MKeuA,,,09-29 04:45,63,9,0,0,0,32,0,0,0,0
did:key:z6MksBtCo6E7LNghHmHjzabC57jAjXPpscyGXPu8Xz1Pu6HE,,,09-29 05:02,132,14,0,0,0,113,0,0,113,113
did:key:z6MksDabVCQfXMVattSDoBt8v7KgfTt42xZJCbxHfSchhZ9d,,,09-29 05:02,132,14,0,0,0,113,0,0,113,113
did:key:z6MksEcwygUvq7RJBuWyKeWmCXiBjefPBcd74BLMnYSKtLRa,,,09-29 05:02,127,12,0,0,0,106,0,0,106,106
did:key:z6MksFjaCxY326M76SjmQiCygCLfVcfqWY6AUgGWKSST9YR5,,,09-29 05:02,186,15,0,0,0,159,0,0,106,106
did:key:z6MksHqWJ6DVDMncJTYJkm4TrWzjU3zP4TZPWEnvnqYGtR43,,,09-29 05:02,127,12,0,0,0,106,0,0,106,106
did:key:z6MksJJDK5Z8BvTJ1P56G9Ao1W9Jevi5TddcxP65DWKQZ8tN,,,09-29 05:02,127,12,0,0,0,106,0,0,106,106
did:key:z6MksL83JyG9HLj3HYLaYLRuPk5fNchRb6sssDeFTmsVxHgk,,,09-29 05:02,127,13,1,0,0,80,0,10,0,0
did:key:z6MksLWRr8Uc3PkSssSWvoa6U9mzkkLDu67oPj3a69YjPe1W,,,09-29 05:02,517,20,3,0,1.09,465,2,10,0,0
did:key:z6MksLc8G3py8cb1pxhEmLYiAbZnikyLxEikAS8oxMdH4R2V,,,09-29 05:02,517,20,3,0,1.09,465,2,10,0,0
did:key:z6MksLnMAwSkJ5EkiTKJsYGpvM6zXUYtFXmmgCo2NeVNbVnU,,,09-29 05:02,544,25,3,0,1.09,467,2,10,0,0
did:key:z6MksM6RUoQb8TPeSnGiumiGsvqWzMSaTq6BYEpUszcWnfre,,,09-29 05:02,515,21,3,0,1.09,457,2,10,0,0
did:key:z6MksNANLiVTsqjC3BJ95Q8UY1SqLpGc6xPN8d9mPfTMQSDf,,,09-29 05:02,816,26,4,1,-53.03,749,3,10,41,41
did:key:z6MksNM2Hjqkzu6tgQxxog6uuhm2tRpAYkpbkGjT7Qg7s8xi,,,09-29 05:02,480,26,4,1,107.95,404,3,10,18,18
did:key:z6MksQCRUshPKbpkDC1g39KrPrBUCXrD5MY4sihwDmrMGrq1,,,09-29 05:02,734,26,3,1,-53.58,668,2,10,169,169
did:key:z6MksJWyn2BCGX9XPnn8My4yjSeMzDcJUMpqmX2rw5iDof1n,,,09-29 05:02,125,13,1,0,0,80,0,10,0,0
did:key:z6MksNceUxs4jo7oWzGY8hyR9uLUAHYCuKvaKbWMD6GpMUco,,,09-29 05:02,357,27,1,0,0,258,0,10,14,14
did:key:z6MksNkEaZ6Ybso8RRmtQSqgrCaEP2qwDtKypsEkPQjJpvMv,,,09-29 05:02,357,27,1,0,0,257,0,10,0,0
did:key:z6MksGvAruTCAbztmxakeZv9MZ3SiagWScwf727b27V5ZZNs,,,09-29 17:21,37,7,0,0,0,17,0,0,0,0
did:key:z6MksHNNpLrMuwnnMFReA1EaXQCJ56HZKBGC3Y5Ya3ZBTLxH,,,09-29 17:21,37,7,0,0,0,17,0,0,0,0
did:key:z6MksJd53Hkv3eqNFTJAF6PXVB6ACu6eXPuJWCSnF5TaqPur,,,09-29 17:21,37,7,0,0,0,17,0,0,0,0
did:key:z6MksKCorrThpfhvXTE7NGz6do68cUVrnV6mn4eHeG2oqKrN,,,09-29 17:21,37,7,0,0,0,17,0,0,0,0
did:key:z6MksLARoyqmCJ1oMpsPawzZwA6AD21HNiHkrzZSZnQBvyz1,,,09-29 17:21,37,7,0,0,0,17,0,0,0,0
did:key:z6MksE9FsCmBwfLT1uw4tJZWytJcSgLN2aXWHHAWRD4r41vu,,,09-29 17:21,34,7,0,0,0,16,0,0,0,0
did:key:z6MksFGzXaK2FQF79yUM7NppUwJjCWUstZHLz2D5ueyXKnFw,,,09-29 17:21,85,9,0,0,0,63,0,0,0,0
did:key:z6MksFRv2dXtesK4h1JemKpBujUw9eavYm42tN2uHBhQ52iF,,,09-29 17:21,34,7,0,0,0,16,0,0,0,0
did:key:z6MksGohz4tNxP8HmM1LCvFuLKKuVRj1pBKatGdXjhvodEbo,,,09-29 17:21,186,16,1,0,-0.58,132,1,0,0,0
did:key:z6MksKrVX4muL42wJTopvQCvJAftntk14C9rYfPPeA3vBK6f,,,09-29 17:21,34,7,0,0,0,16,0,0,0,0
did:key:z6Mktumm9VEXenj1k62ZmNnHNgTeS3S6c9ne7VfMRDRxxxXU,,,09-29 17:21,150,15,0,0,0,88,0,0,0,0
did:key:z6Mkfc57HHH8CjFo6yXZ48Zy8svcC1PxvpQpzX4TcZtWx3DV,,,09-29 17:21,141,19,0,0,0,59,0,0,0,0
did:key:z6Mkfk72NcwHZ5P7VYgxBazhBrCd3e6Mj3Tszg6dVc5iUs68,,,09-29 17:21,46,10,0,0,0,16,0,0,0,0
did:key:z6MksP6Qfpt4kR5fg4X5jMXFk93AeMrpr8eT4J1nSLG7uWBU,,,09-29 18:21,269,20,0,0,0,195,0,0,0,0
did:key:z6MksQDNifiEnb6iJyRr7GXCVGdYYQeeJ38r4m3TofTJfqN2,,,09-29 18:21,725,23,2,1,-53.58,657,2,0,169,169
did:key:z6MksQmqab6hUpSMkwuXg9k95LA3ZrB2awRE3XJHhfAf7Adr,,,09-29 18:21,330,18,0,0,0,283,0,0,169,169
did:key:z6MksRfYmLAfU7ALq7uKnA93kid3YLGjZBAMGLMgyepbAWMK,,,09-29 18:21,347,22,0,0,0,283,0,0,169,169
did:key:z6MksSQPE6ZaeVRqtzBDLQYi78PqFLBiXk2AZ78hXBwYhW2Y,,,09-29 18:21,756,26,2,1,-110.65,688,2,0,93,93
did:key:z6MksRmNuJyYRAC8ssQZaQ8mcRXvZ4MpPj3Tr24ucuhfkVAW,,,09-29 18:36,309,18,0,0,0,263,0,0,103,103
did:key:z6MksNt4p1kqypPJDaxwPvtK83KQMtCD1oT2qXTmmnd2JbWL,,,09-29 18:36,212,15,1,0,0.46,161,1,0,0,0
did:key:z6MksP6RYuSb6ZMp8TPDk88TdNmJR4ggh94zzFbkoXcshKMH,,,09-29 18:36,212,15,1,0,0.46,161,1,0,0,0
did:key:z6MkgvAw3q4XJ1aawYTsFUZEhTFsFBbWP6cb5oMwiQkyYgq8,,,09-29 22:41,10,2,0,0,0,6,0,0,0,0
did:key:z6Mkh8Tk5Eic6NhkobxdwupNNAcWtWXqMcBZLkdJntpChFPW,,,09-29 22:41,17,4,0,0,0,6,0,0,0,0
did:key:z6MksPB3v9epWd6ZhtHJMb5TxQso4Ch5kYBbcWPdoAwTvMuG,,,09-30 02:56,139,15,2,0,1.17,81,2,0,0,0
did:key:z6MksPCE7CkejJ8LpzSqXCcem85WFFqkMJVhTkQhuTEn8vS4,,,09-30 02:56,139,15,2,0,1.17,81,2,0,0,0
did:key:z6MkhARfcFmrPznSaerw8LA19Ryg51sPQ7KgofHVYj3YZQiV,,,09-30 02:56,124,13,0,0,0,70,0,0,0,0
did:key:z6MkiBfxQ7UPSr9biar6yWNy5wVbuNYkn8PmzCuxsf9Gh3KA,,,09-30 02:56,126,11,0,0,0,78,0,0,0,0
did:key:z6MkjetDpVsWYj7vZAEXhnTctsSiTuqk5qBsS6Nj5CyjTiHo,,,09-30 02:56,124,13,0,0,0,70,0,0,0,0
did:key:z6MkmbYa7De9Hynayvqu7iwv5WwxhmCcvg5Eh6Q7p1e7DTtq,,,09-30 02:56,124,13,0,0,0,70,0,0,0,0
did:key:z6MknU7FgYbAZGqWsg2ms1XbCQUr9EwyLEBujwsVaxpqvcLv,,,09-30 02:56,125,12,0,0,0,78,0,0,0,0
did:key:z6MkoTC5xWCmtShPUudqRd3HFKWDwqaXVxBTMW2V1RZ9VSjs,,,09-30 02:56,110,19,0,0,0,23,0,0,0,0
did:key:z6MkovN3iPR7wVeM3ypgHDs3HWiu56VzRMEoscMiwx6kLR55,,,09-30 02:56,101,17,0,0,0,30,0,0,0,0
did:key:z6MktG65oZTVGHSfqxrMTzjFFX4Nq6uzThZ3w3aH3XuwB3gE,,,09-30 03:41,25,5,0,0,0,0,0,0,0,0
did:key:z6MkpbnczBit5L6wc8bif2sziunU5N9ZGY7t9bPn9nY7NwFg,,,09-30 03:51,21,2,0,0,0,0,0,0,0,0
did:key:z6MksRAAUio5Q8LgB4Lv7BvUYBTDtZZP61vCWtRREqhAdtkh,,,09-30 04:01,224,14,0,0,0,191,0,0,71,71
did:key:z6MksSFwSXNVuAm8ebBiLkh5GWxns27cDRKwG3iTbsQQZuP2,,,09-30 04:06,501,26,1,1,-109.73,383,1,0,0,0
did:key:z6MksSgFNkwhKCf1e2asQzpkszVerqWjJbgvQe8cXFPkvbvk,,,09-30 04:06,531,34,2,2,-213.52,378,2,0,1,1
did:key:z6MksAAgEqBDo6peeb2vpzD2ax9TfZtG8hsiCBtHajVSdj2q,,,09-30 04:51,5,0,0,0,0,0,0,0,0,0
did:key:z6MksbPyGFVGf8CpEa96oUdbPKrWncKaihojtXYA6aPgjZBV,,,09-30 12:26,3,0,0,0,0,0,0,0,0,0
did:key:z6Mksn85fnVtyX2m9XEq3SrEdtxzrivmEp2b8tJ9yfNhuXC5,,,09-30 15:51,2,0,0,0,0,0,0,0,0,0
did:key:z6Mkt58Ky2MrVfqELjnVryBezgiRUL3G1TfoaKV8TDFhde8J,,,09-30 15:51,1,0,0,0,0,0,0,0,0,0
did:key:z6MkqjX3aMtr9eCWxdjnjdfgwPFMJXfwsweWumXsMfJz4JrK,,,09-30 22:41,33,5,0,0,0,12,0,0,0,0
did:key:z6MkqjdJLDUmnZt6ois5qSx5cyrxftJrt5yx8tvYz114BDyn,,,09-30 22:41,33,5,0,0,0,12,0,0,0,0
did:key:z6Mkqjk7E6vtXDGV4gD7yFefCZ94JYswciBRbkMCmUZKzhY9,,,09-30 22:41,33,5,0,0,0,12,0,0,0,0
did:key:z6Mkqk9WUSBjhZaZxbVtjx8AxG4wLmreqryDbJnEKGpowo9v,,,09-30 22:41,33,5,0,0,0,12,0,0,0,0
did:key:z6MkqkPYZLeR3gFyRpV5mcTofVrHiwPUUMQAnSj98WvoUtfT,,,09-30 22:41,33,5,0,0,0,12,0,0,0,0
did:key:z6MkqoaQBSiX1Qk6wAZWJrFVT6HQVKQP92eZDowd1scFrTzy,,,09-30 23:52,403,12,3,2,-53.23,371,3,0,39,39
did:key:z6MkqobqcYu5gB7NvybcmBA8Bo2H4aj31pBcHWEjLcKbMg88,,,10-01 01:56,418,14,3,1,-53.12,383,3,0,39,39
did:key:z6Mkqo5YutjepP1cGZHjrzddRwBRJFEpiydmgbGXQnfusnQq,,,10-01 01:56,68,4,0,0,0,57,0,0,0,0
did:key:z6Mks2Pnc4LCqA79V9Qvm8ZQxGreMqncrNnfiDUUkYQdxQZd,,,10-01 05:01,62,2,0,0,0,57,0,0,0,0
did:key:z6MkqnPz3XJ4RV27W5rt7Lr1AkyAfc3436PzXSMqPBySi628,,,10-01 05:06,59,3,0,0,0,53,0,0,0,0
did:key:z6MkqniBBKXyTSABJbDijm5fSjNDcWpeC97UGiwqLZ59fSMY,,,10-01 05:06,54,2,0,0,0,49,0,0,0,0
did:key:z6MkqnkKqAoBUEApST4BUutS7MxHBQBvhaT44ADMaXrQysDv,,,10-01 05:06,54,2,0,0,0,49,0,0,0,0
did:key:z6Mks3UCGikoioiHaPVU1NrX1n7wTfEGNSvH1xEGCLAJoh1W,,,10-01 09:51,326,16,0,0,0,256,0,0,0,0
did:key:z6MkuWkvsVaGxDSd4aK1fDATfN5xioKaHyErsDHSHv7bwEcF,,,10-01 13:52,145,10,1,0,-0.59,108,1,0,0,0
did:key:z6Mkre3Ven15djTHA2tT1bxP998Ddm6ECqgDTqEAsWNCrnFB,,,10-01 13:56,51,10,1,0,-103.49,17,1,0,0,0
did:key:z6MkreePfDMAhBE94B7ZVZdt1fWJm7eyDdBUrTbfZZE9vyTd,,,10-01 14:02,124,9,1,0,-0.48,89,1,0,0,0
did:key:z6MksGsx1QPKQSarmoNUiTfAb2FCQDLKHwkiEkcbuAgjmHze,,,10-01 14:02,120,9,0,0,0,82,0,0,0,0
did:key:z6MkimwxdEEq5ufYhiNZhEs7mXymvpw4n4Qnr3RKq4b6g8Nd,,,10-01 15:02,11,2,0,0,0,0,0,0,0,0
did:key:z6MkwekbumrfekbFzCWtfZoSeXym4w1WPTEDzEvh8qCVmNWC,,,10-01 15:02,139,9,3,0,1.46,105,3,0,0,0
did:key:z6Mkp8vFDYDyUpgAFmTUpGDdkLQA3B9q6pnnANFWJ7Sy8tME,,,10-01 15:02,17,1,0,0,0,0,0,0,0,0
did:key:z6Mkp8bjNkaFXWN7izdEzwrHa63GY7e6LReNKA2r7ob9p8Uw,,,10-01 15:02,129,5,2,0,0.98,106,2,0,0,0
did:key:z6MkwfjnM1UVmrko7ErohwgrVtJaDW7kS9cz1f26PSDypRe2,,,10-01 16:02,102,8,0,0,0,76,0,0,0,0
did:key:z6Mkwfr3JnYxvbvsGeBjxLWh88zFoFKDHZKHT4T6eHYQchJz,,,10-01 16:27,96,7,0,0,0,75,0,0,0,0
did:key:z6Mkp9aahk1vwTpiZF4aGwKBwSbFKhbGLk659FJVLQxmG9EZ,,,10-01 16:37,82,6,0,0,0,70,0,0,0,0
did:key:z6MkinUjaoW3hfvvwzC3MuAiMgNVtNooDrHLZ5ikEpPYjaXt,,,10-01 16:42,57,8,0,0,0,16,0,0,0,0
did:key:z6MkinyW9NDAnXNV2kSVdveFGEUYLML4FqrpWfo4evLFXmRd,,,10-01 16:42,42,7,0,0,0,7,0,0,0,0
did:key:z6MkioWGZRzYjPmZJmK4Usvq33yWjXatSx2kviWNFKhSEbuY,,,10-01 16:42,33,6,0,0,0,0,0,0,0,0
did:key:z6MkgkQMBnQny28sKKz7kXA24dJWPnbQrJEo6f8zENxAwqoE,,,10-02 00:27,196,4,2,1,11.06,192,2,0,8,8
did:key:z6MkimEy9Fu1kESY894JUbcWrupp9ZgaJ2WEr4BoEhPemaFk,,,10-02 17:12,112,5,1,0,-0.48,99,1,0,0,0
did:key:z6MkimvUxta2rgWMMH6VvfaLiir5aqvqnQKv92VZvkK5m3Ai,,,10-02 17:17,3,1,0,0,0,0,0,0,0,0
did:key:z6MkgRrvGrVvM7qb6nzaGpJL4ySWELTqNFALdxMCjaMMSi7X,,,10-02 17:32,96,6,0,0,0,88,0,0,88,88
did:key:z6MkuWHCH1EeNqjTFmpnMgwpXApQqzcoMjLBSPoUxDMMDkRR,,,10-02 17:47,90,4,1,0,-0.63,72,1,0,0,0
did:key:z6MkpCJ1qGnEPpCNonhpYx7wGSN2ddHNhoxpHBK4PJLBc3Ks,,,10-02 19:07,59,7,3,0,-24.53,27,1,9,0,0
did:key:z6Mkv165fYSGea9fSh5TnTbEwB8DchPzuvq531VPGJGX1fy4,,,10-02 20:07,52,7,2,0,-24.52,27,1,5,0,0
did:key:z6MkpL1hgp38Fu44y8Lah2KHUwE5vVjrgHwzVqSjWF4RYdD4,,,10-02 20:27,2,0,0,0,0,0,0,0,0,0
did:key:z6MkqjVq7HKMrkYQi4Wn6n96Yesbbaca1ACXsqfqiDM39mJ2,,,10-02 22:07,2,1,0,0,0,0,0,0,0,0
did:key:z6MkjAiBQHuRoLFQKYon8hQwczstqcNGR7q13L6LvDow81rP,,,10-03 02:37,3,1,0,0,0,0,0,0,0,0
did:key:z6MkwcWFkKtegRt82L3kbBYVnJquN4pajJz5CDfzhAMpA5aU,,,10-03 04:25,2,1,0,0,0,0,0,0,0,0
